Page,File,URL,Primary Dir,Slot,Filename,Image Dir,Round,Date,New?,Cross-sell,Collision-Dup,Unplaced Count
brick-shirts,custom-apparel/brick-shirts.blade.php,/custom-apparel/brick-shirts,brick-shirts,Banner,top5pct-brick-vinyl-hoodies-r5.jpg,brick-shirts,R5,"May 3, 2026",Yes,No,top5pct-brick-vinyl-hoodies.jpg [dup],7
brick-shirts,custom-apparel/brick-shirts.blade.php,/custom-apparel/brick-shirts,brick-shirts,Carousel 1 (base),top5pct-brick-vinyl-custom-t-shirt-r5.jpg,brick-shirts,R5,"May 29, 2026",Yes,No,top5pct-brick-vinyl-custom-t-shirt.jpg [dup],7
brick-shirts,custom-apparel/brick-shirts.blade.php,/custom-apparel/brick-shirts,brick-shirts,Carousel 2 (base),top5pct-customized-brick-vinyl-shirts-r5.jpg,brick-shirts,R5,"May 25, 2026",Yes,No,top5pct-customized-brick-vinyl-shirts.jpg [dup],7
brick-shirts,custom-apparel/brick-shirts.blade.php,/custom-apparel/brick-shirts,brick-shirts,Carousel 3 (base),top5pct-brick-vinyl-custom-shirts-joliet-r5.jpg,brick-shirts,R5,"Jun 9, 2026",Yes,No,top5pct-brick-vinyl-custom-shirts-joliet.jpg [dup],7
brick-shirts,custom-apparel/brick-shirts.blade.php,/custom-apparel/brick-shirts,brick-shirts,Carousel 4 (base),top5pct-brick-vinyl-shorewood-r5.jpg,brick-shirts,R5,"Jun 9, 2026",Yes,No,top5pct-brick-vinyl-shorewood.jpg [dup],7
brick-shirts,custom-apparel/brick-shirts.blade.php,/custom-apparel/brick-shirts,brick-shirts,Card 1,top5pct-brick-vinyl-jackets-joliet-r5.jpg,brick-shirts,R5,"May 29, 2026",Yes,No,top5pct-brick-vinyl-jackets-joliet.jpg [dup],7
brick-shirts,custom-apparel/brick-shirts.blade.php,/custom-apparel/brick-shirts,brick-shirts,Card 2,top5pct-brick-vinyl-cresthill-r5.jpg,brick-shirts,R5,"May 29, 2026",Yes,No,top5pct-brick-vinyl-cresthill.jpg [dup],7
brick-shirts,custom-apparel/brick-shirts.blade.php,/custom-apparel/brick-shirts,brick-shirts,Detailed-info 1,top5pct-custom-brick-shirts-hoodies-cap-joliet.jpg,custom-shirts,Initial,"Mar 16, 2026",No,Yes,none,7
brick-shirts,custom-apparel/brick-shirts.blade.php,/custom-apparel/brick-shirts,brick-shirts,Slide-L,top5pct-glitter-sweatshirts-joliet.jpg,glitter-shirts,R3,"Jun 8, 2026",No,Yes,none,7
brick-shirts,custom-apparel/brick-shirts.blade.php,/custom-apparel/brick-shirts,brick-shirts,Slide-R,top5pct-custom-flock-t-shirt-printing.jpg,flock-shirts,R3,"Jun 8, 2026",No,Yes,none,7
dtf-transfers,custom-apparel/dtf-transfers.blade.php,/custom-apparel/dtf-transfers,dtf-transfers,Banner,top5pct-dtf-t-shirt-printing.jpg,dtf-transfers,R2,"Jun 2, 2026",No,No,none,2
dtf-transfers,custom-apparel/dtf-transfers.blade.php,/custom-apparel/dtf-transfers,dtf-transfers,Carousel 1 (base),top5pct-dtf-tees.jpg,dtf-transfers,R2,"Jun 2, 2026",No,No,none,2
dtf-transfers,custom-apparel/dtf-transfers.blade.php,/custom-apparel/dtf-transfers,dtf-transfers,Carousel 2 (base),top5pct-dtf-t-shirt-maker.jpg,dtf-transfers,R2,"Jun 2, 2026",No,No,none,2
dtf-transfers,custom-apparel/dtf-transfers.blade.php,/custom-apparel/dtf-transfers,dtf-transfers,Carousel 3 (base),top5pct-custom-t-shirts-dtf.jpg,dtf-transfers,R1,"May 11, 2026",No,No,none,2
dtf-transfers,custom-apparel/dtf-transfers.blade.php,/custom-apparel/dtf-transfers,dtf-transfers,Carousel 4 (base),top5pct-dtf-hoodies-joliet.jpg,dtf-transfers,R1,"May 11, 2026",No,No,none,2
dtf-transfers,custom-apparel/dtf-transfers.blade.php,/custom-apparel/dtf-transfers,dtf-transfers,Carousel 5 (overage),top5pct-custom-baby-clothing-joliet.jpg,dtf-transfers,R2,"Jun 2, 2026",No,No,none,2
dtf-transfers,custom-apparel/dtf-transfers.blade.php,/custom-apparel/dtf-transfers,dtf-transfers,Carousel 6 (overage),top5pct-custom-shirt-with-picture.jpg,dtf-transfers,R1,"May 11, 2026",No,No,none,2
dtf-transfers,custom-apparel/dtf-transfers.blade.php,/custom-apparel/dtf-transfers,dtf-transfers,Carousel 7 (overage),top5pct-custom-sweatshirts.jpg,dtf-transfers,R1,"May 11, 2026",No,No,none,2
dtf-transfers,custom-apparel/dtf-transfers.blade.php,/custom-apparel/dtf-transfers,dtf-transfers,Carousel 8 (overage),top5pct-dtf-shirts-joliet.jpg,dtf-transfers,R3,"Jun 20, 2026",No,No,none,2
dtf-transfers,custom-apparel/dtf-transfers.blade.php,/custom-apparel/dtf-transfers,dtf-transfers,Card 1,top5pct-dtf-zip-up-hoodies.jpg,dtf-transfers,R1,"May 11, 2026",No,No,none,2
dtf-transfers,custom-apparel/dtf-transfers.blade.php,/custom-apparel/dtf-transfers,dtf-transfers,Card 2,top5pct-custom-dtf-shirts.jpg,dtf-transfers,R2,"Jun 2, 2026",No,No,none,2
dtf-transfers,custom-apparel/dtf-transfers.blade.php,/custom-apparel/dtf-transfers,dtf-transfers,Detailed-info 1,top5pct-custom-bowling-shirts-dtf.jpg,dtf-transfers,R2,"Jun 2, 2026",No,No,none,2
dtf-transfers,custom-apparel/dtf-transfers.blade.php,/custom-apparel/dtf-transfers,dtf-transfers,Slide-L,top5pct-screenprinting-company-shirts.jpg,screen-printing,R3,"Jun 8, 2026",No,Yes,none,2
dtf-transfers,custom-apparel/dtf-transfers.blade.php,/custom-apparel/dtf-transfers,dtf-transfers,Slide-R,top5pct-embroidered-cap-embroidered-beanies-joliet.jpg,embroidery,R3,"Jun 8, 2026",No,Yes,none,2
dye-sublimation,custom-apparel/dye-sublimation.blade.php,/custom-apparel/dye-sublimation,sublimation,Banner,top5pct-dye-sublimation-custom-shirt-joliet.jpg,sublimation,R2,"Jun 2, 2026",No,No,none,1
dye-sublimation,custom-apparel/dye-sublimation.blade.php,/custom-apparel/dye-sublimation,sublimation,Carousel 1 (base),top5pct-sublimation-shirts.jpg,sublimation,R1,"May 11, 2026",No,No,none,1
dye-sublimation,custom-apparel/dye-sublimation.blade.php,/custom-apparel/dye-sublimation,sublimation,Carousel 2 (base),top5pct-custom-face-mask-sublimated.jpg,sublimation,R1,"May 11, 2026",No,No,none,1
dye-sublimation,custom-apparel/dye-sublimation.blade.php,/custom-apparel/dye-sublimation,sublimation,Carousel 3 (base),top5pct-custom-sublimated-towels.jpg,sublimation,R1,"May 11, 2026",No,No,none,1
dye-sublimation,custom-apparel/dye-sublimation.blade.php,/custom-apparel/dye-sublimation,sublimation,Carousel 4 (base),top5pct-dye-sublimated-longsleeve-shirt-joliet.jpg,sublimation,R1,"May 11, 2026",No,No,none,1
dye-sublimation,custom-apparel/dye-sublimation.blade.php,/custom-apparel/dye-sublimation,sublimation,Carousel 5 (overage),top5pct-dye-sublimation-jerseys.jpg,sublimation,R2,"Jun 3, 2026",No,No,none,1
dye-sublimation,custom-apparel/dye-sublimation.blade.php,/custom-apparel/dye-sublimation,sublimation,Carousel 6 (overage),top5pct-dye-sublimation-tees.jpg,sublimation,R2,"Jun 3, 2026",No,No,none,1
dye-sublimation,custom-apparel/dye-sublimation.blade.php,/custom-apparel/dye-sublimation,sublimation,Carousel 7 (overage),top5pct-sublimated-graphic-tees.jpg,sublimation,R2,"Jun 3, 2026",No,No,none,1
dye-sublimation,custom-apparel/dye-sublimation.blade.php,/custom-apparel/dye-sublimation,sublimation,Carousel 8 (overage),top5pct-sublimation-tees.jpg,sublimation,R2,"Jun 3, 2026",No,No,none,1
dye-sublimation,custom-apparel/dye-sublimation.blade.php,/custom-apparel/dye-sublimation,sublimation,Card 1,top5pct-dye-sublimation-shirts.jpg,sublimation,R1,"May 11, 2026",No,No,none,1
dye-sublimation,custom-apparel/dye-sublimation.blade.php,/custom-apparel/dye-sublimation,sublimation,Card 2,top5pct-sublimation-shirt-printer.jpg,sublimation,R1,"May 11, 2026",No,No,none,1
dye-sublimation,custom-apparel/dye-sublimation.blade.php,/custom-apparel/dye-sublimation,sublimation,Detailed-info 1,top5pct-sublimation-shirt.jpg,sublimation,R1,"May 11, 2026",No,No,none,1
dye-sublimation,custom-apparel/dye-sublimation.blade.php,/custom-apparel/dye-sublimation,sublimation,Slide-L,top5pct-custom-sublimation-shirts.jpg,sublimation,R2,"Jun 2, 2026",No,No,none,1
dye-sublimation,custom-apparel/dye-sublimation.blade.php,/custom-apparel/dye-sublimation,sublimation,Slide-R,top5pct-custom-glitter-sweatshirts.jpg,glitter-shirts,R2,"Jun 2, 2026",No,Yes,none,1
flock-shirts,custom-apparel/flock-shirts.blade.php,/custom-apparel/flock-shirts,flock-shirts,Banner,top5pct-custom-flock-t-shirt-printing.jpg,flock-shirts,R3,"Jun 8, 2026",No,No,none,0
flock-shirts,custom-apparel/flock-shirts.blade.php,/custom-apparel/flock-shirts,flock-shirts,Carousel 1 (base),top5pct-custom-flock-shirt-hoodie-cap-joliet.jpg,flock-shirts,R3,"Jun 8, 2026",No,No,none,0
flock-shirts,custom-apparel/flock-shirts.blade.php,/custom-apparel/flock-shirts,flock-shirts,Carousel 2 (base),top5pct-flock-hoodie-printing.jpg,flock-shirts,R3,"Jun 8, 2026",No,No,none,0
flock-shirts,custom-apparel/flock-shirts.blade.php,/custom-apparel/flock-shirts,flock-shirts,Carousel 3 (base),top5pct-flock-shirt-vinyl.jpg,flock-shirts,R3,"Jun 8, 2026",No,No,none,0
flock-shirts,custom-apparel/flock-shirts.blade.php,/custom-apparel/flock-shirts,flock-shirts,Carousel 4 (base),top5pct-flock-t-shirts-joliet.jpg,flock-shirts,R3,"Jun 20, 2026",No,No,none,0
flock-shirts,custom-apparel/flock-shirts.blade.php,/custom-apparel/flock-shirts,flock-shirts,Card 1,top5pct-flock-custom-shirts-joliet.jpg,flock-shirts,R3,"Jun 19, 2026",No,No,none,0
flock-shirts,custom-apparel/flock-shirts.blade.php,/custom-apparel/flock-shirts,flock-shirts,Card 2,top5pct-flock-shirts-plainfield.jpg,flock-shirts,R3,"Jun 20, 2026",No,No,none,0
flock-shirts,custom-apparel/flock-shirts.blade.php,/custom-apparel/flock-shirts,flock-shirts,Detailed-info 1,top5pct-flock-apparel-joliet.jpg,flock-shirts,R3,"Jun 20, 2026",No,No,none,0
flock-shirts,custom-apparel/flock-shirts.blade.php,/custom-apparel/flock-shirts,flock-shirts,Slide-L,top5pct-flock-t-shirt-joliet.jpg,flock-shirts,R3,"Jun 20, 2026",No,No,none,0
flock-shirts,custom-apparel/flock-shirts.blade.php,/custom-apparel/flock-shirts,flock-shirts,Slide-R,top5pct-custom-holographic-shirt-hoodie-cap-joliet.jpg,custom-shirts,Initial,"Mar 16, 2026",No,Yes,none,0
foil-shirts,custom-apparel/foil-shirts.blade.php,/custom-apparel/foil-shirts,foil-shirts,Banner,top5pct-foil-gold-t-shirt.jpg,foil-shirts,R2,"Jun 2, 2026",No,No,none,2
foil-shirts,custom-apparel/foil-shirts.blade.php,/custom-apparel/foil-shirts,foil-shirts,Carousel 1 (base),top5pct-foil-shirts.jpg,foil-shirts,R3,"Jun 8, 2026",No,No,none,2
foil-shirts,custom-apparel/foil-shirts.blade.php,/custom-apparel/foil-shirts,foil-shirts,Carousel 2 (base),top5pct-foil-custom-shirts-joliet.jpg,foil-shirts,R3,"Jun 8, 2026",No,No,none,2
foil-shirts,custom-apparel/foil-shirts.blade.php,/custom-apparel/foil-shirts,foil-shirts,Carousel 3 (base),top5pct-foil-custom-apparel-shirts-joliet.jpg,foil-shirts,R3,"Jun 9, 2026",No,No,none,2
foil-shirts,custom-apparel/foil-shirts.blade.php,/custom-apparel/foil-shirts,foil-shirts,Carousel 4 (base),top5pct-foil-shirts-cresthill.jpg,foil-shirts,R3,"Jun 8, 2026",No,No,none,2
foil-shirts,custom-apparel/foil-shirts.blade.php,/custom-apparel/foil-shirts,foil-shirts,Carousel 5 (overage),top5pct-foil-custom-shirts.jpg,foil-shirts,R3,"Jun 19, 2026",No,No,none,2
foil-shirts,custom-apparel/foil-shirts.blade.php,/custom-apparel/foil-shirts,foil-shirts,Card 1,top5pct-gold-foil-printed-shirts.jpg,foil-shirts,R2,"Jun 2, 2026",No,No,none,2
foil-shirts,custom-apparel/foil-shirts.blade.php,/custom-apparel/foil-shirts,foil-shirts,Card 2,top5pct-custom-wedding-foil-shirts.jpg,foil-shirts,R2,"Jun 2, 2026",No,No,none,2
foil-shirts,custom-apparel/foil-shirts.blade.php,/custom-apparel/foil-shirts,foil-shirts,Detailed-info 1,top5pct-foil-custom-t-shirts.jpg,foil-shirts,R2,"Jun 2, 2026",No,No,none,2
foil-shirts,custom-apparel/foil-shirts.blade.php,/custom-apparel/foil-shirts,foil-shirts,Slide-L,top5pct-rhinestone-tshirts-joliet.jpg,rhinestone-apparel,R2,"Jun 3, 2026",No,Yes,none,2
foil-shirts,custom-apparel/foil-shirts.blade.php,/custom-apparel/foil-shirts,foil-shirts,Slide-R,top5pct-glitter-sweatshirts-joliet.jpg,glitter-shirts,R3,"Jun 8, 2026",No,Yes,none,2
glitter-shirts,custom-apparel/glitter-shirts.blade.php,/custom-apparel/glitter-shirts,glitter-shirts-compressed,Banner,glitter-shirt-crest-hill-1920x1080.jpg,glitter-shirts-compressed,R5,"Jun 30, 2026",Yes,No,none,14
glitter-shirts,custom-apparel/glitter-shirts.blade.php,/custom-apparel/glitter-shirts,glitter-shirts-compressed,Carousel 1 (base),glitter-lips-custom-t-shirt-600x450.jpg,glitter-shirts-compressed,R5,"Jun 30, 2026",Yes,No,none,14
glitter-shirts,custom-apparel/glitter-shirts.blade.php,/custom-apparel/glitter-shirts,glitter-shirts-compressed,Carousel 2 (base),glitter-t-shirts-cresthill-600x450.jpg,glitter-shirts-compressed,R5,"Jun 30, 2026",Yes,No,none,14
glitter-shirts,custom-apparel/glitter-shirts.blade.php,/custom-apparel/glitter-shirts,glitter-shirts-compressed,Carousel 3 (base),glitter-shirts-crest-hill-600x450.jpg,glitter-shirts-compressed,R5,"Jun 30, 2026",Yes,No,none,14
glitter-shirts,custom-apparel/glitter-shirts.blade.php,/custom-apparel/glitter-shirts,glitter-shirts-compressed,Carousel 4 (base),glitter-shirt-crest-hill-600x450.jpg,glitter-shirts-compressed,R5,"Jun 30, 2026",Yes,No,none,14
glitter-shirts,custom-apparel/glitter-shirts.blade.php,/custom-apparel/glitter-shirts,glitter-shirts-compressed,Carousel 5 (overage),gitter-birthday-shirt-600x450.jpg,glitter-shirts-compressed,R5,"Jun 30, 2026",Yes,No,none,14
glitter-shirts,custom-apparel/glitter-shirts.blade.php,/custom-apparel/glitter-shirts,glitter-shirts-compressed,Carousel 6 (overage),glitter-sweatshirts-joliet-600x450.jpg,glitter-shirts-compressed,R5,"Jun 30, 2026",Yes,No,none,14
glitter-shirts,custom-apparel/glitter-shirts.blade.php,/custom-apparel/glitter-shirts,glitter-shirts-compressed,Carousel 7 (overage),glitter-hoodies-plainfield-600x450.jpg,glitter-shirts-compressed,R5,"Jun 30, 2026",Yes,No,none,14
glitter-shirts,custom-apparel/glitter-shirts.blade.php,/custom-apparel/glitter-shirts,glitter-shirts-compressed,Card 1,glitter-lips-custom-t-shirt-600x450.jpg,glitter-shirts-compressed,R5,"Jun 30, 2026",Yes,No,none,14
glitter-shirts,custom-apparel/glitter-shirts.blade.php,/custom-apparel/glitter-shirts,glitter-shirts-compressed,Card 2,glitter-t-shirts-cresthill-600x450.jpg,glitter-shirts-compressed,R5,"Jun 30, 2026",Yes,No,none,14
glitter-shirts,custom-apparel/glitter-shirts.blade.php,/custom-apparel/glitter-shirts,glitter-shirts-compressed,Detailed-info 1,gitter-birthday-shirt-400x300.jpg,glitter-shirts-compressed,R5,"Jun 30, 2026",Yes,No,none,14
glitter-shirts,custom-apparel/glitter-shirts.blade.php,/custom-apparel/glitter-shirts,glitter-shirts-compressed,Slide-R,top5pct-rhinestone-tshirts-joliet.jpg,rhinestone-apparel,R2,"Jun 3, 2026",No,Yes,none,14
glow-in-the-dark-shirts,custom-apparel/glow-in-the-dark-shirts.blade.php,/custom-apparel/glow-in-the-dark-shirts,glow-shirts,Banner,top5pct-glow-in-the-dark-caps.jpg,glow-shirts,R3,"Jun 8, 2026",No,No,none,0
glow-in-the-dark-shirts,custom-apparel/glow-in-the-dark-shirts.blade.php,/custom-apparel/glow-in-the-dark-shirts,glow-shirts,Carousel 1 (base),top5pct-custom-glow-shirts-caps-hoodies-joliet.jpg,glow-shirts,R3,"Jun 8, 2026",No,No,none,0
glow-in-the-dark-shirts,custom-apparel/glow-in-the-dark-shirts.blade.php,/custom-apparel/glow-in-the-dark-shirts,glow-shirts,Carousel 2 (base),top5pct-glowing-halloween-bat-shirt.jpg,glow-shirts,R3,"Jun 8, 2026",No,No,none,0
glow-in-the-dark-shirts,custom-apparel/glow-in-the-dark-shirts.blade.php,/custom-apparel/glow-in-the-dark-shirts,glow-shirts,Carousel 3 (base),top5pct-halloween-pumpkin-glow-shirt.jpg,glow-shirts,R3,"Jun 8, 2026",No,No,none,0
glow-in-the-dark-shirts,custom-apparel/glow-in-the-dark-shirts.blade.php,/custom-apparel/glow-in-the-dark-shirts,glow-shirts,Carousel 4 (base),top5pct-glowing-hoodies-joliet.jpg,glow-shirts,R3,"Jun 20, 2026",No,No,none,0
glow-in-the-dark-shirts,custom-apparel/glow-in-the-dark-shirts.blade.php,/custom-apparel/glow-in-the-dark-shirts,glow-shirts,Card 1,top5pct-glow-in-the-dark-hats-joliet.jpg,glow-shirts,R3,"Jun 20, 2026",No,No,none,0
glow-in-the-dark-shirts,custom-apparel/glow-in-the-dark-shirts.blade.php,/custom-apparel/glow-in-the-dark-shirts,glow-shirts,Card 2,top5pct-glow-shirts-channahon.jpg,glow-shirts,R3,"Jun 20, 2026",No,No,none,0
glow-in-the-dark-shirts,custom-apparel/glow-in-the-dark-shirts.blade.php,/custom-apparel/glow-in-the-dark-shirts,glow-shirts,Detailed-info 1,top5pct-glow-polo-shirts-joliet.jpg,glow-shirts,R3,"Jun 20, 2026",No,No,none,0
glow-in-the-dark-shirts,custom-apparel/glow-in-the-dark-shirts.blade.php,/custom-apparel/glow-in-the-dark-shirts,glow-shirts,Slide-L,top5pct-glitter-sweatshirts-joliet.jpg,glitter-shirts,R3,"Jun 8, 2026",No,Yes,none,0
glow-in-the-dark-shirts,custom-apparel/glow-in-the-dark-shirts.blade.php,/custom-apparel/glow-in-the-dark-shirts,glow-shirts,Slide-R,top5pct-foil-shirts.jpg,foil-shirts,R3,"Jun 8, 2026",No,Yes,none,0
corporate-wear-shirts,custom-apparel/group-wear/corporate-wear-shirts.blade.php,/custom-apparel/group-wear/corporate-wear-shirts,corporate-wear,Banner,top5pct-custom-business-shirts-r5.jpg,corporate-wear,R5,"May 3, 2026",Yes,No,top5pct-custom-business-shirts.jpg [dup],12
corporate-wear-shirts,custom-apparel/group-wear/corporate-wear-shirts.blade.php,/custom-apparel/group-wear/corporate-wear-shirts,corporate-wear,Carousel 1 (base),top5pct-custom-apron-joliet-r5.jpg,corporate-wear,R5,"Apr 26, 2026",Yes,No,top5pct-custom-apron-joliet.jpg [dup],12
corporate-wear-shirts,custom-apparel/group-wear/corporate-wear-shirts.blade.php,/custom-apparel/group-wear/corporate-wear-shirts,corporate-wear,Carousel 2 (base),top5pct-custom-aprons-joliet-r5.jpg,corporate-wear,R5,"Apr 26, 2026",Yes,No,top5pct-custom-aprons-joliet.jpg [dup],12
corporate-wear-shirts,custom-apparel/group-wear/corporate-wear-shirts.blade.php,/custom-apparel/group-wear/corporate-wear-shirts,corporate-wear,Carousel 3 (base),top5pct-custom-company-apparel-r5.jpg,corporate-wear,R5,"May 17, 2026",Yes,No,top5pct-custom-company-apparel.jpg [dup],12
corporate-wear-shirts,custom-apparel/group-wear/corporate-wear-shirts.blade.php,/custom-apparel/group-wear/corporate-wear-shirts,corporate-wear,Carousel 4 (base),top5pct-custom-pocket-shirt-joliet-r5.jpg,corporate-wear,R5,"Apr 26, 2026",Yes,No,top5pct-custom-pocket-shirt-joliet.jpg [dup],12
corporate-wear-shirts,custom-apparel/group-wear/corporate-wear-shirts.blade.php,/custom-apparel/group-wear/corporate-wear-shirts,corporate-wear,Carousel 5 (overage),top5pct-corporate-custom-polo-shirts-joliet.jpg,corporate-wear,R5,"Jul 2, 2026",Yes,No,none,12
corporate-wear-shirts,custom-apparel/group-wear/corporate-wear-shirts.blade.php,/custom-apparel/group-wear/corporate-wear-shirts,corporate-wear,Carousel 6 (overage),top5pct-corporate-custom-work-shirts-joliet.jpg,corporate-wear,R5,"Jul 2, 2026",Yes,No,none,12
corporate-wear-shirts,custom-apparel/group-wear/corporate-wear-shirts.blade.php,/custom-apparel/group-wear/corporate-wear-shirts,corporate-wear,Card 1,top5pct-landscaping-clothing-joliet-r5.jpg,corporate-wear,R5,"Apr 26, 2026",Yes,No,top5pct-landscaping-clothing-joliet.jpg [dup],12
corporate-wear-shirts,custom-apparel/group-wear/corporate-wear-shirts.blade.php,/custom-apparel/group-wear/corporate-wear-shirts,corporate-wear,Card 2,top5pct-lawn-care-clothing-r5.jpg,corporate-wear,R5,"May 3, 2026",Yes,No,top5pct-lawn-care-clothing.jpg [dup],12
corporate-wear-shirts,custom-apparel/group-wear/corporate-wear-shirts.blade.php,/custom-apparel/group-wear/corporate-wear-shirts,corporate-wear,2-image 1,top5pct-safety-work-gear-joliet-r5.jpg,corporate-wear,R5,"Apr 26, 2026",Yes,No,top5pct-safety-work-gear-joliet.jpg [dup],12
corporate-wear-shirts,custom-apparel/group-wear/corporate-wear-shirts.blade.php,/custom-apparel/group-wear/corporate-wear-shirts,corporate-wear,2-image 2,top5pct-banner-corporate-shirts-uniforms-joliet-shorewood.jpg,corporate-wear,Initial,"Mar 16, 2026",No,No,none,12
corporate-wear-shirts,custom-apparel/group-wear/corporate-wear-shirts.blade.php,/custom-apparel/group-wear/corporate-wear-shirts,corporate-wear,Card 3,top5pct-custom-cap-hat-joliet-shorewood-rockdale.jpg,corporate-wear,Initial,"Mar 16, 2026",No,No,none,12
corporate-wear-shirts,custom-apparel/group-wear/corporate-wear-shirts.blade.php,/custom-apparel/group-wear/corporate-wear-shirts,corporate-wear,Detailed-info 1,top5pct-custom-corporate-t-shirts-joliet-shorewood.jpg,corporate-wear,Initial,"Mar 16, 2026",No,No,none,12
corporate-wear-shirts,custom-apparel/group-wear/corporate-wear-shirts.blade.php,/custom-apparel/group-wear/corporate-wear-shirts,corporate-wear,Detailed-info 2,top5pct-custom-hoodie-pullover-joliet-shorewood.jpg,corporate-wear,Initial,"Mar 16, 2026",No,No,none,12
corporate-wear-shirts,custom-apparel/group-wear/corporate-wear-shirts.blade.php,/custom-apparel/group-wear/corporate-wear-shirts,corporate-wear,Slide-L,top5pct-class-reunion-shirt.jpg,reunion-shirts,R1,"May 11, 2026",No,Yes,none,12
corporate-wear-shirts,custom-apparel/group-wear/corporate-wear-shirts.blade.php,/custom-apparel/group-wear/corporate-wear-shirts,corporate-wear,Slide-R,top5pct-volleyball-team-uniforms-joliet.jpg,spirit-wear,R2,"Jun 2, 2026",No,Yes,none,12
reunion-shirts,custom-apparel/group-wear/reunion-shirts.blade.php,/custom-apparel/group-wear/reunion-shirts,reunion-shirts,Banner,top5pct-family-reunion-shirts-joliet.jpg,reunion-shirts,R1,"May 11, 2026",No,No,none,7
reunion-shirts,custom-apparel/group-wear/reunion-shirts.blade.php,/custom-apparel/group-wear/reunion-shirts,reunion-shirts,Carousel 1 (base),top5pct-class-reunion-shirt.jpg,reunion-shirts,R1,"May 11, 2026",No,No,none,7
reunion-shirts,custom-apparel/group-wear/reunion-shirts.blade.php,/custom-apparel/group-wear/reunion-shirts,reunion-shirts,Carousel 2 (base),top5pct-family-reunion-tshirts-in-joliet.jpg,reunion-shirts,R1,"May 11, 2026",No,No,none,7
reunion-shirts,custom-apparel/group-wear/reunion-shirts.blade.php,/custom-apparel/group-wear/reunion-shirts,reunion-shirts,Carousel 3 (base),top5pct-group-shirts.jpg,reunion-shirts,R1,"May 11, 2026",No,No,none,7
reunion-shirts,custom-apparel/group-wear/reunion-shirts.blade.php,/custom-apparel/group-wear/reunion-shirts,reunion-shirts,Carousel 4 (base),top5pct-family-reunion-tees.jpg,reunion-shirts,R3,"Jun 8, 2026",No,No,none,7
reunion-shirts,custom-apparel/group-wear/reunion-shirts.blade.php,/custom-apparel/group-wear/reunion-shirts,reunion-shirts,Card 1,top5pct-reunion-group-shirts.jpg,reunion-shirts,R1,"May 11, 2026",No,No,none,7
reunion-shirts,custom-apparel/group-wear/reunion-shirts.blade.php,/custom-apparel/group-wear/reunion-shirts,reunion-shirts,Card 2,top5pct-reunion-shirts.jpg,reunion-shirts,R1,"May 11, 2026",No,No,none,7
reunion-shirts,custom-apparel/group-wear/reunion-shirts.blade.php,/custom-apparel/group-wear/reunion-shirts,reunion-shirts,2-image 1,top5pct-reunion-shirts-romeoville.jpg,reunion-shirts,R3,"Jun 20, 2026",No,No,none,7
reunion-shirts,custom-apparel/group-wear/reunion-shirts.blade.php,/custom-apparel/group-wear/reunion-shirts,reunion-shirts,2-image 2,top5pct-reunion-hoodies-joliet.jpg,reunion-shirts,R3,"Jun 20, 2026",No,No,none,7
reunion-shirts,custom-apparel/group-wear/reunion-shirts.blade.php,/custom-apparel/group-wear/reunion-shirts,reunion-shirts,Card 3,top5pct-family-reunion-shirts-joliet-plainfield.jpg,reunion-shirts,Initial,"Mar 16, 2026",No,No,none,7
reunion-shirts,custom-apparel/group-wear/reunion-shirts.blade.php,/custom-apparel/group-wear/reunion-shirts,reunion-shirts,Detailed-info 1,top5pct-article-family-reunion-pic1.jpg,reunion-shirts,Initial,"Mar 16, 2026",No,No,none,7
reunion-shirts,custom-apparel/group-wear/reunion-shirts.blade.php,/custom-apparel/group-wear/reunion-shirts,reunion-shirts,Detailed-info 2,top5pct-article-family-reunion-pic2.jpg,reunion-shirts,Initial,"Mar 16, 2026",No,No,none,7
reunion-shirts,custom-apparel/group-wear/reunion-shirts.blade.php,/custom-apparel/group-wear/reunion-shirts,reunion-shirts,Slide-L,top5pct-spirit-wear-joliet.jpg,spirit-wear,R1,"May 11, 2026",No,Yes,none,7
reunion-shirts,custom-apparel/group-wear/reunion-shirts.blade.php,/custom-apparel/group-wear/reunion-shirts,reunion-shirts,Slide-R,top5pct-custom-shirt-pictures.jpg,custom-shirts,R1,"May 11, 2026",No,Yes,none,7
spirit-wear-shirts,custom-apparel/group-wear/spirit-wear-shirts.blade.php,/custom-apparel/group-wear/spirit-wear-shirts,spirit-wear,Banner,top5pct-spirit-wear-joliet.jpg,spirit-wear,R1,"May 11, 2026",No,No,none,8
spirit-wear-shirts,custom-apparel/group-wear/spirit-wear-shirts.blade.php,/custom-apparel/group-wear/spirit-wear-shirts,spirit-wear,Carousel 1 (base),top5pct-spirit-wear-shirts.jpg,spirit-wear,R1,"May 11, 2026",No,No,none,8
spirit-wear-shirts,custom-apparel/group-wear/spirit-wear-shirts.blade.php,/custom-apparel/group-wear/spirit-wear-shirts,spirit-wear,Carousel 2 (base),top5pct-spirit-wear-clothing.jpg,spirit-wear,R2,"Jun 2, 2026",No,No,none,8
spirit-wear-shirts,custom-apparel/group-wear/spirit-wear-shirts.blade.php,/custom-apparel/group-wear/spirit-wear-shirts,spirit-wear,Carousel 3 (base),top5pct-volleyball-team-uniforms-joliet.jpg,spirit-wear,R2,"Jun 2, 2026",No,No,none,8
spirit-wear-shirts,custom-apparel/group-wear/spirit-wear-shirts.blade.php,/custom-apparel/group-wear/spirit-wear-shirts,spirit-wear,Carousel 4 (base),top5pct-spirit-wear-volleyball-track.jpg,spirit-wear,R2,"Jun 3, 2026",No,No,none,8
spirit-wear-shirts,custom-apparel/group-wear/spirit-wear-shirts.blade.php,/custom-apparel/group-wear/spirit-wear-shirts,spirit-wear,Carousel 5 (overage),top5pct-spirit-t-shirts-romeoville.jpg,spirit-wear,R3,"Jun 20, 2026",No,No,none,8
spirit-wear-shirts,custom-apparel/group-wear/spirit-wear-shirts.blade.php,/custom-apparel/group-wear/spirit-wear-shirts,spirit-wear,Carousel 6 (overage),top5pct-spirit-wear-football-joliet.jpg,spirit-wear,R3,"Jun 20, 2026",No,No,none,8
spirit-wear-shirts,custom-apparel/group-wear/spirit-wear-shirts.blade.php,/custom-apparel/group-wear/spirit-wear-shirts,spirit-wear,Carousel 7 (overage),top5pct-spirit-wear-gear-joliet.jpg,spirit-wear,R3,"Jun 20, 2026",No,No,none,8
spirit-wear-shirts,custom-apparel/group-wear/spirit-wear-shirts.blade.php,/custom-apparel/group-wear/spirit-wear-shirts,spirit-wear,Carousel 8 (overage),top5pct-spirit-wear-pullovers-joliet.jpg,spirit-wear,R3,"Jun 20, 2026",No,No,none,8
spirit-wear-shirts,custom-apparel/group-wear/spirit-wear-shirts.blade.php,/custom-apparel/group-wear/spirit-wear-shirts,spirit-wear,Carousel 9 (overage),top5pct-spirit-wear-shirts-channahon.jpg,spirit-wear,R3,"Jun 20, 2026",No,No,none,8
spirit-wear-shirts,custom-apparel/group-wear/spirit-wear-shirts.blade.php,/custom-apparel/group-wear/spirit-wear-shirts,spirit-wear,Card 1,top5pct-spirit-school-gear-joliet.jpg,spirit-wear,R3,"Jun 20, 2026",No,No,none,8
spirit-wear-shirts,custom-apparel/group-wear/spirit-wear-shirts.blade.php,/custom-apparel/group-wear/spirit-wear-shirts,spirit-wear,Card 2,top5pct-spirit-wear-mom-joliet.jpg,spirit-wear,R3,"Jun 20, 2026",No,No,none,8
spirit-wear-shirts,custom-apparel/group-wear/spirit-wear-shirts.blade.php,/custom-apparel/group-wear/spirit-wear-shirts,spirit-wear,2-image 1,top5pct-spirit-wear-hoodies-joliet.jpg,spirit-wear,R3,"Jun 20, 2026",No,No,none,8
spirit-wear-shirts,custom-apparel/group-wear/spirit-wear-shirts.blade.php,/custom-apparel/group-wear/spirit-wear-shirts,spirit-wear,2-image 2,top5pct-spirit-wear-apparel-joliet.jpg,spirit-wear,R3,"Jun 20, 2026",No,No,none,8
spirit-wear-shirts,custom-apparel/group-wear/spirit-wear-shirts.blade.php,/custom-apparel/group-wear/spirit-wear-shirts,spirit-wear,Card 3,top5pct-spirit-gear-baseball-jerseys-joliet.jpg,spirit-wear,R3,"Jun 20, 2026",No,No,none,8
spirit-wear-shirts,custom-apparel/group-wear/spirit-wear-shirts.blade.php,/custom-apparel/group-wear/spirit-wear-shirts,spirit-wear,Detailed-info 1,top5pct-group-shirts.jpg,reunion-shirts,R1,"May 11, 2026",No,Yes,none,8
spirit-wear-shirts,custom-apparel/group-wear/spirit-wear-shirts.blade.php,/custom-apparel/group-wear/spirit-wear-shirts,spirit-wear,Detailed-info 2,top5pct-family-reunion-shirts-joliet.jpg,reunion-shirts,R1,"May 11, 2026",No,Yes,none,8
spirit-wear-shirts,custom-apparel/group-wear/spirit-wear-shirts.blade.php,/custom-apparel/group-wear/spirit-wear-shirts,spirit-wear,Slide-L,top5pct-landscaping-clothing-joliet.jpg,corporate-wear,R1,"May 11, 2026",No,Yes,top5pct-landscaping-clothing-joliet-r5.jpg [dup],8
spirit-wear-shirts,custom-apparel/group-wear/spirit-wear-shirts.blade.php,/custom-apparel/group-wear/spirit-wear-shirts,spirit-wear,Slide-R,top5pct-family-reunion-tees.jpg,reunion-shirts,R3,"Jun 8, 2026",No,Yes,none,8
holographic-shirts,custom-apparel/holographic-shirts.blade.php,/custom-apparel/holographic-shirts,holographic-shirts,Banner,top5pct-holographic-vinyl-hoodie-foil.jpg,holographic-shirts,R3,"Jun 8, 2026",No,No,none,0
holographic-shirts,custom-apparel/holographic-shirts.blade.php,/custom-apparel/holographic-shirts,holographic-shirts,Carousel 1 (base),top5pct-custom-holographic-shirt-hoodie-cap-joliet.jpg,holographic-shirts,R3,"Jun 8, 2026",No,No,none,0
holographic-shirts,custom-apparel/holographic-shirts.blade.php,/custom-apparel/holographic-shirts,holographic-shirts,Carousel 2 (base),top5pct-holographic-vinyl-hoodie-foil.jpg,holographic-shirts,R3,"Jun 8, 2026",No,No,none,0
holographic-shirts,custom-apparel/holographic-shirts.blade.php,/custom-apparel/holographic-shirts,holographic-shirts,Carousel 3 (base),top5pct-holographic-baby-shirts.jpg,holographic-shirts,R3,"Jun 8, 2026",No,No,none,0
holographic-shirts,custom-apparel/holographic-shirts.blade.php,/custom-apparel/holographic-shirts,holographic-shirts,Card 1,top5pct-custom-holographic-shirt-hoodie-cap-joliet.jpg,holographic-shirts,R3,"Jun 8, 2026",No,No,none,0
holographic-shirts,custom-apparel/holographic-shirts.blade.php,/custom-apparel/holographic-shirts,holographic-shirts,Card 2,top5pct-custom-holographic-shirt-hoodie-cap-joliet.jpg,holographic-shirts,R3,"Jun 8, 2026",No,No,none,0
holographic-shirts,custom-apparel/holographic-shirts.blade.php,/custom-apparel/holographic-shirts,holographic-shirts,Detailed-info 1,top5pct-custom-holographic-shirt-hoodie-cap-joliet.jpg,holographic-shirts,R3,"Jun 8, 2026",No,No,none,0
holographic-shirts,custom-apparel/holographic-shirts.blade.php,/custom-apparel/holographic-shirts,holographic-shirts,Slide-L,top5pct-custom-holographic-shirt-hoodie-cap-joliet.jpg,holographic-shirts,R3,"Jun 8, 2026",No,No,none,0
holographic-shirts,custom-apparel/holographic-shirts.blade.php,/custom-apparel/holographic-shirts,holographic-shirts,Slide-R,top5pct-custom-foil-shirts-hoodies-caps-joliet.jpg,custom-shirts,Initial,"Mar 16, 2026",No,Yes,none,0
digital-vinyl,custom-apparel/printing-options/digital-vinyl.blade.php,/custom-apparel/printing-options/digital-vinyl,digital-vinyl,Banner,top5pct-digital-vinyl-t-shirts.jpg,digital-vinyl,R3,"Jun 8, 2026",No,No,none,17
digital-vinyl,custom-apparel/printing-options/digital-vinyl.blade.php,/custom-apparel/printing-options/digital-vinyl,digital-vinyl,Carousel 1 (base),top5pct-digital-vinyl-shirts.jpg,digital-vinyl,R3,"Jun 8, 2026",No,No,none,17
digital-vinyl,custom-apparel/printing-options/digital-vinyl.blade.php,/custom-apparel/printing-options/digital-vinyl,digital-vinyl,Carousel 2 (base),top5pct-digital-vinyl-hoodie.jpg,digital-vinyl,R3,"Jun 8, 2026",No,No,none,17
digital-vinyl,custom-apparel/printing-options/digital-vinyl.blade.php,/custom-apparel/printing-options/digital-vinyl,digital-vinyl,Carousel 3 (base),top5pct-digital-vinyl-hoodies-in-joliet.jpg,digital-vinyl,R3,"Jun 8, 2026",No,No,none,17
digital-vinyl,custom-apparel/printing-options/digital-vinyl.blade.php,/custom-apparel/printing-options/digital-vinyl,digital-vinyl,Carousel 4 (base),custom-vinyl-hoodies.jpg,digital-vinyl,R2,"May 18, 2026",No,No,none,17
digital-vinyl,custom-apparel/printing-options/digital-vinyl.blade.php,/custom-apparel/printing-options/digital-vinyl,digital-vinyl,Card 1,custom-vinyl-shirts.jpg,digital-vinyl,R2,"May 18, 2026",No,No,none,17
digital-vinyl,custom-apparel/printing-options/digital-vinyl.blade.php,/custom-apparel/printing-options/digital-vinyl,digital-vinyl,Card 2,custom-vinyl-hoodies.jpg,digital-vinyl,R2,"May 18, 2026",No,No,none,17
digital-vinyl,custom-apparel/printing-options/digital-vinyl.blade.php,/custom-apparel/printing-options/digital-vinyl,digital-vinyl,2-image 1,vinyl-caps.jpg,digital-vinyl,R2,"May 18, 2026",No,No,none,17
digital-vinyl,custom-apparel/printing-options/digital-vinyl.blade.php,/custom-apparel/printing-options/digital-vinyl,digital-vinyl,2-image 2,neon-vinyl-shirts.jpg,digital-vinyl,R2,"May 18, 2026",No,No,none,17
digital-vinyl,custom-apparel/printing-options/digital-vinyl.blade.php,/custom-apparel/printing-options/digital-vinyl,digital-vinyl,Card 3,vinyl-zip-up-hoodies.jpg,digital-vinyl,R2,"May 18, 2026",No,No,none,17
digital-vinyl,custom-apparel/printing-options/digital-vinyl.blade.php,/custom-apparel/printing-options/digital-vinyl,digital-vinyl,Detailed-info 1,custom-vinyl-shirts.jpg,digital-vinyl,R2,"May 18, 2026",No,No,none,17
digital-vinyl,custom-apparel/printing-options/digital-vinyl.blade.php,/custom-apparel/printing-options/digital-vinyl,digital-vinyl,Slide-L,custom-vinyl-hoodies.jpg,digital-vinyl,R2,"May 18, 2026",No,No,none,17
digital-vinyl,custom-apparel/printing-options/digital-vinyl.blade.php,/custom-apparel/printing-options/digital-vinyl,digital-vinyl,Slide-R,top5pct-glitter-sweatshirts-joliet.jpg,glitter-shirts,R3,"Jun 8, 2026",No,Yes,none,17
embroidery,custom-apparel/printing-options/embroidery.blade.php,/custom-apparel/printing-options/embroidery,embroidery,Banner,top5pct-stitched-embroidered-shirts.jpg,embroidery,R2,"Jun 2, 2026",No,No,none,1
embroidery,custom-apparel/printing-options/embroidery.blade.php,/custom-apparel/printing-options/embroidery,embroidery,Carousel 1 (base),top5pct-embroidered-aprons.jpg,embroidery,R1,"May 11, 2026",No,No,none,1
embroidery,custom-apparel/printing-options/embroidery.blade.php,/custom-apparel/printing-options/embroidery,embroidery,Carousel 2 (base),top5pct-embroidered-caps.jpg,embroidery,R2,"Jun 2, 2026",No,No,none,1
embroidery,custom-apparel/printing-options/embroidery.blade.php,/custom-apparel/printing-options/embroidery,embroidery,Carousel 3 (base),top5pct-embroidery-in-joliet.jpg,embroidery,R1,"May 11, 2026",No,No,none,1
embroidery,custom-apparel/printing-options/embroidery.blade.php,/custom-apparel/printing-options/embroidery,embroidery,Carousel 4 (base),top5pct-embroidered-stitched-caps.jpg,embroidery,R1,"May 11, 2026",No,No,none,1
embroidery,custom-apparel/printing-options/embroidery.blade.php,/custom-apparel/printing-options/embroidery,embroidery,Carousel 5 (overage),top5pct-embroidered-cap-embroidered-beanies-joliet.jpg,embroidery,R3,"Jun 8, 2026",No,No,none,1
embroidery,custom-apparel/printing-options/embroidery.blade.php,/custom-apparel/printing-options/embroidery,embroidery,Carousel 6 (overage),top5pct-embroidery-caps-joliet.jpg,embroidery,R3,"Jun 20, 2026",No,No,none,1
embroidery,custom-apparel/printing-options/embroidery.blade.php,/custom-apparel/printing-options/embroidery,embroidery,Carousel 7 (overage),top5pct-embroidered-patch-joliet.jpg,embroidery,R3,"Jun 20, 2026",No,No,none,1
embroidery,custom-apparel/printing-options/embroidery.blade.php,/custom-apparel/printing-options/embroidery,embroidery,Carousel 8 (overage),top5pct-embroidered-towels-joliet.jpg,embroidery,R3,"Jun 20, 2026",No,No,none,1
embroidery,custom-apparel/printing-options/embroidery.blade.php,/custom-apparel/printing-options/embroidery,embroidery,Carousel 9 (overage),top5pct-stitched-polo-shirts-joliet.jpg,embroidery,R3,"Jun 20, 2026",No,No,none,1
embroidery,custom-apparel/printing-options/embroidery.blade.php,/custom-apparel/printing-options/embroidery,embroidery,Card 1,top5pct-embroidered-bag.jpg,embroidery,R2,"Jun 2, 2026",No,No,none,1
embroidery,custom-apparel/printing-options/embroidery.blade.php,/custom-apparel/printing-options/embroidery,embroidery,Card 2,top5pct-embroidered-smocks.jpg,embroidery,R2,"Jun 2, 2026",No,No,none,1
embroidery,custom-apparel/printing-options/embroidery.blade.php,/custom-apparel/printing-options/embroidery,embroidery,Detailed-info 1,top5pct-embroidery-beanies.jpg,embroidery,R2,"Jun 2, 2026",No,No,none,1
embroidery,custom-apparel/printing-options/embroidery.blade.php,/custom-apparel/printing-options/embroidery,embroidery,Slide-L,top5pct-screenprinting-joliet.jpg,screen-printing,R3,"Jun 8, 2026",No,Yes,none,1
embroidery,custom-apparel/printing-options/embroidery.blade.php,/custom-apparel/printing-options/embroidery,embroidery,Slide-R,top5pct-embroidered-caps-joliet.jpg,embroidery,R1,"May 11, 2026",No,No,none,1
rhinestone-apparel,custom-apparel/printing-options/rhinestone-apparel.blade.php,/custom-apparel/printing-options/rhinestone-apparel,rhinestone-apparel,Banner,top5pct-rhinestone-hoodies-joliet.jpg,rhinestone-apparel,R1,"May 11, 2026",No,No,none,0
rhinestone-apparel,custom-apparel/printing-options/rhinestone-apparel.blade.php,/custom-apparel/printing-options/rhinestone-apparel,rhinestone-apparel,Carousel 1 (base),top5pct-rhinestone-apparel-keith-elementary.jpg,rhinestone-apparel,R2,"Jun 2, 2026",No,No,none,0
rhinestone-apparel,custom-apparel/printing-options/rhinestone-apparel.blade.php,/custom-apparel/printing-options/rhinestone-apparel,rhinestone-apparel,Carousel 2 (base),top5pct-rhinestone-bling-joliet.jpg,rhinestone-apparel,R2,"Jun 2, 2026",No,No,none,0
rhinestone-apparel,custom-apparel/printing-options/rhinestone-apparel.blade.php,/custom-apparel/printing-options/rhinestone-apparel,rhinestone-apparel,Carousel 3 (base),top5pct-rhinestone-hoodie-joliet-west.jpg,rhinestone-apparel,R2,"Jun 2, 2026",No,No,none,0
rhinestone-apparel,custom-apparel/printing-options/rhinestone-apparel.blade.php,/custom-apparel/printing-options/rhinestone-apparel,rhinestone-apparel,Carousel 4 (base),top5pct-rhinestone-ladies-shirt.jpg,rhinestone-apparel,R2,"Jun 2, 2026",No,No,none,0
rhinestone-apparel,custom-apparel/printing-options/rhinestone-apparel.blade.php,/custom-apparel/printing-options/rhinestone-apparel,rhinestone-apparel,Carousel 5 (overage),top5pct-rhinestone-tshirts-joliet.jpg,rhinestone-apparel,R2,"Jun 3, 2026",No,No,none,0
rhinestone-apparel,custom-apparel/printing-options/rhinestone-apparel.blade.php,/custom-apparel/printing-options/rhinestone-apparel,rhinestone-apparel,Carousel 6 (overage),top5pct-rhinestone-school-backpacks-joliet.jpg,rhinestone-apparel,R3,"Jun 19, 2026",No,No,none,0
rhinestone-apparel,custom-apparel/printing-options/rhinestone-apparel.blade.php,/custom-apparel/printing-options/rhinestone-apparel,rhinestone-apparel,Card 1,top5pct-rhinestone-t-shirts-joliet.jpg,rhinestone-apparel,R2,"Jun 2, 2026",No,No,none,0
rhinestone-apparel,custom-apparel/printing-options/rhinestone-apparel.blade.php,/custom-apparel/printing-options/rhinestone-apparel,rhinestone-apparel,Card 2,top5pct-custom-rhinestone-shirts.jpg,rhinestone-apparel,R2,"Jun 2, 2026",No,No,none,0
rhinestone-apparel,custom-apparel/printing-options/rhinestone-apparel.blade.php,/custom-apparel/printing-options/rhinestone-apparel,rhinestone-apparel,Detailed-info 1,top5pct-rhinestone-t-shirts.jpg,rhinestone-apparel,R2,"Jun 2, 2026",No,No,none,0
rhinestone-apparel,custom-apparel/printing-options/rhinestone-apparel.blade.php,/custom-apparel/printing-options/rhinestone-apparel,rhinestone-apparel,Slide-L,top5pct-glitter-sweatshirts-joliet.jpg,glitter-shirts,R3,"Jun 8, 2026",No,Yes,none,0
rhinestone-apparel,custom-apparel/printing-options/rhinestone-apparel.blade.php,/custom-apparel/printing-options/rhinestone-apparel,rhinestone-apparel,Slide-R,top5pct-holographic-vinyl-hoodie-foil.jpg,holographic-shirts,R3,"Jun 8, 2026",No,Yes,none,0
screen-printing,custom-apparel/printing-options/screen-printing.blade.php,/custom-apparel/printing-options/screen-printing,custom-shirts,Banner,top5pct-screenprinted-shirts-joliet.jpg,custom-shirts,R1,"May 11, 2026",No,No,none,19
screen-printing,custom-apparel/printing-options/screen-printing.blade.php,/custom-apparel/printing-options/screen-printing,custom-shirts,Carousel 1 (base),top5pct-screenprint-custom-shirts.jpg,screen-printing,R1,"May 11, 2026",No,Yes,none,19
screen-printing,custom-apparel/printing-options/screen-printing.blade.php,/custom-apparel/printing-options/screen-printing,custom-shirts,Carousel 2 (base),top5pct-screenprinted-shirts-in-joliet.jpg,screen-printing,R1,"May 11, 2026",No,Yes,none,19
screen-printing,custom-apparel/printing-options/screen-printing.blade.php,/custom-apparel/printing-options/screen-printing,custom-shirts,Carousel 3 (base),top5pct-custom-shirt-pictures.jpg,custom-shirts,R1,"May 11, 2026",No,No,none,19
screen-printing,custom-apparel/printing-options/screen-printing.blade.php,/custom-apparel/printing-options/screen-printing,custom-shirts,Carousel 4 (base),top5pct-screenprinting-shirts.jpg,screen-printing,R1,"May 11, 2026",No,Yes,none,19
screen-printing,custom-apparel/printing-options/screen-printing.blade.php,/custom-apparel/printing-options/screen-printing,custom-shirts,Carousel 5 (overage),top5pct-screenprinting-joliet.jpg,screen-printing,R3,"Jun 8, 2026",No,Yes,none,19
screen-printing,custom-apparel/printing-options/screen-printing.blade.php,/custom-apparel/printing-options/screen-printing,custom-shirts,Carousel 6 (overage),top5pct-screenprinted-shirts-joliet.jpg,screen-printing,R3,"Jun 8, 2026",No,Yes,none,19
screen-printing,custom-apparel/printing-options/screen-printing.blade.php,/custom-apparel/printing-options/screen-printing,custom-shirts,Carousel 7 (overage),top5pct-screenprinting-company-shirts.jpg,screen-printing,R3,"Jun 8, 2026",No,Yes,none,19
screen-printing,custom-apparel/printing-options/screen-printing.blade.php,/custom-apparel/printing-options/screen-printing,custom-shirts,Carousel 8 (overage),top5pct-screenprinting-hoodies-joliet.jpg,screen-printing,R3,"Jun 8, 2026",No,Yes,none,19
screen-printing,custom-apparel/printing-options/screen-printing.blade.php,/custom-apparel/printing-options/screen-printing,custom-shirts,Carousel 9 (overage),top5pct-screenprinting-t-shirts-joliet.jpg,screen-printing,R2,"Jun 3, 2026",No,Yes,none,19
screen-printing,custom-apparel/printing-options/screen-printing.blade.php,/custom-apparel/printing-options/screen-printing,custom-shirts,Carousel 10 (overage),top5pct-screenprinting-t-shirt-maker-joliet.jpg,screen-printing,R3,"Jun 8, 2026",No,Yes,none,19
screen-printing,custom-apparel/printing-options/screen-printing.blade.php,/custom-apparel/printing-options/screen-printing,custom-shirts,Card 1,top5pct-neon-vinyl-shirts.jpg,digital-vinyl,R1,"May 11, 2026",No,Yes,none,19
screen-printing,custom-apparel/printing-options/screen-printing.blade.php,/custom-apparel/printing-options/screen-printing,custom-shirts,Card 2,top5pct-vinyl-caps.jpg,digital-vinyl,R1,"May 11, 2026",No,Yes,none,19
screen-printing,custom-apparel/printing-options/screen-printing.blade.php,/custom-apparel/printing-options/screen-printing,custom-shirts,Detailed-info 1,top5pct-long-lasting-graphic-shirts.jpg,custom-shirts,R2,"Jun 2, 2026",No,No,none,19
screen-printing,custom-apparel/printing-options/screen-printing.blade.php,/custom-apparel/printing-options/screen-printing,custom-shirts,Slide-L,top5pct-screenprinting-shirts.jpg,screen-printing,R1,"May 11, 2026",No,Yes,none,19
screen-printing,custom-apparel/printing-options/screen-printing.blade.php,/custom-apparel/printing-options/screen-printing,custom-shirts,Slide-R,top5pct-vinyl-shirts.jpg,vinyl,R3,"Jun 8, 2026",No,Yes,none,19
puff-shirts,custom-apparel/puff-shirts.blade.php,/custom-apparel/puff-shirts,puff-shirts,Banner,top5pct-custom-puff-shirts.jpg,puff-shirts,R2,"Jun 2, 2026",No,No,none,0
puff-shirts,custom-apparel/puff-shirts.blade.php,/custom-apparel/puff-shirts,puff-shirts,Carousel 1 (base),top5pct-banner-custom-apparel-custom-shirts-custom-hoodies-custom-caps.jpg,custom-shirts,Initial,"Mar 16, 2026",No,Yes,none,0
puff-shirts,custom-apparel/puff-shirts.blade.php,/custom-apparel/puff-shirts,puff-shirts,Carousel 2 (base),top5pct-puff-shirts-joliet.jpg,puff-shirts,R2,"Jun 2, 2026",No,No,none,0
puff-shirts,custom-apparel/puff-shirts.blade.php,/custom-apparel/puff-shirts,puff-shirts,Carousel 3 (base),top5pct-puff-shirts.jpg,puff-shirts,R2,"Jun 2, 2026",No,No,none,0
puff-shirts,custom-apparel/puff-shirts.blade.php,/custom-apparel/puff-shirts,puff-shirts,Carousel 4 (base),top5pct-custom-vinyl-shirts.jpg,digital-vinyl,R1,"May 11, 2026",No,Yes,none,0
puff-shirts,custom-apparel/puff-shirts.blade.php,/custom-apparel/puff-shirts,puff-shirts,Card 1,top5pct-custom-brick-shirts-hoodies-cap-joliet.jpg,custom-shirts,Initial,"Mar 16, 2026",No,Yes,none,0
puff-shirts,custom-apparel/puff-shirts.blade.php,/custom-apparel/puff-shirts,puff-shirts,Card 2,top5pct-custom-pattern-shirts-caps-hoodies-joliet.jpg,custom-shirts,Initial,"Mar 16, 2026",No,Yes,none,0
puff-shirts,custom-apparel/puff-shirts.blade.php,/custom-apparel/puff-shirts,puff-shirts,Detailed-info 1,top5pct-custom-brick-shirts-hoodies-cap-joliet.jpg,custom-shirts,Initial,"Mar 16, 2026",No,Yes,none,0
puff-shirts,custom-apparel/puff-shirts.blade.php,/custom-apparel/puff-shirts,puff-shirts,Slide-L,top5pct-custom-brick-shirts-hoodies-cap-joliet.jpg,custom-shirts,Initial,"Mar 16, 2026",No,Yes,none,0
puff-shirts,custom-apparel/puff-shirts.blade.php,/custom-apparel/puff-shirts,puff-shirts,Slide-R,top5pct-rhinestone-t-shirts.jpg,rhinestone-apparel,R2,"Jun 2, 2026",No,Yes,none,0
reflective-shirts,custom-apparel/reflective-shirts.blade.php,/custom-apparel/reflective-shirts,reflective-shirts,Banner,top5pct-reflective-shirts-gold-r5.jpg,reflective-shirts,R5,"May 3, 2026",Yes,No,top5pct-reflective-shirts-gold.jpg [dup],10
reflective-shirts,custom-apparel/reflective-shirts.blade.php,/custom-apparel/reflective-shirts,reflective-shirts,Carousel 1 (base),top5pct-custom-reflective-hoodies-r5.jpg,reflective-shirts,R5,"Jun 1, 2026",Yes,No,top5pct-custom-reflective-hoodies.jpg [dup],10
reflective-shirts,custom-apparel/reflective-shirts.blade.php,/custom-apparel/reflective-shirts,reflective-shirts,Carousel 2 (base),top5pct-reflective-shirts-r5.jpg,reflective-shirts,R5,"May 16, 2026",Yes,No,top5pct-reflective-shirts.jpg [dup],10
reflective-shirts,custom-apparel/reflective-shirts.blade.php,/custom-apparel/reflective-shirts,reflective-shirts,Carousel 3 (base),top5pct-reflective-shirts-shorewood-r5.jpg,reflective-shirts,R5,"Jun 1, 2026",Yes,No,top5pct-reflective-shirts-shorewood.jpg [dup],10
reflective-shirts,custom-apparel/reflective-shirts.blade.php,/custom-apparel/reflective-shirts,reflective-shirts,Carousel 4 (base),top5pct-reflective-vinyl-shirts-plainfield-r5.jpg,reflective-shirts,R5,"Jun 1, 2026",Yes,No,top5pct-reflective-vinyl-shirts-plainfield.jpg [dup],10
reflective-shirts,custom-apparel/reflective-shirts.blade.php,/custom-apparel/reflective-shirts,reflective-shirts,Carousel 5 (overage),top5pct-reflective-hoodies-joliet-r5.jpg,reflective-shirts,R5,"Jun 20, 2026",Yes,No,top5pct-reflective-hoodies-joliet.jpg [dup],10
reflective-shirts,custom-apparel/reflective-shirts.blade.php,/custom-apparel/reflective-shirts,reflective-shirts,Carousel 6 (overage),top5pct-reflective-safety-vests-joliet-r5.jpg,reflective-shirts,R5,"Jun 20, 2026",Yes,No,top5pct-reflective-safety-vests-joliet.jpg [dup],10
reflective-shirts,custom-apparel/reflective-shirts.blade.php,/custom-apparel/reflective-shirts,reflective-shirts,Carousel 7 (overage),top5pct-reflective-shirts-customized-joliet.jpg,reflective-shirts,R5,"Jul 3, 2026",Yes,No,none,10
reflective-shirts,custom-apparel/reflective-shirts.blade.php,/custom-apparel/reflective-shirts,reflective-shirts,Card 1,top5pct-reflective-apparel-joliet-r5.jpg,reflective-shirts,R5,"Jun 20, 2026",Yes,No,top5pct-reflective-apparel-joliet.jpg [dup],10
reflective-shirts,custom-apparel/reflective-shirts.blade.php,/custom-apparel/reflective-shirts,reflective-shirts,Card 2,top5pct-reflective-custom-shirts-joliet-r5.jpg,reflective-shirts,R5,"Jun 19, 2026",Yes,No,top5pct-reflective-custom-shirts-joliet.jpg [dup],10
reflective-shirts,custom-apparel/reflective-shirts.blade.php,/custom-apparel/reflective-shirts,reflective-shirts,Detailed-info 1,top5pct-foil-shirts-cresthill.jpg,foil-shirts,R3,"Jun 8, 2026",No,Yes,none,10
reflective-shirts,custom-apparel/reflective-shirts.blade.php,/custom-apparel/reflective-shirts,reflective-shirts,Slide-L,top5pct-vinyl-shirts.jpg,vinyl,R3,"Jun 8, 2026",No,Yes,none,10
reflective-shirts,custom-apparel/reflective-shirts.blade.php,/custom-apparel/reflective-shirts,reflective-shirts,Slide-R,top5pct-halloween-pumpkin-glow-shirt.jpg,glow-shirts,R3,"Jun 8, 2026",No,Yes,none,10
vinyl,custom-apparel/specialty-materials/vinyl.blade.php,/custom-apparel/specialty-materials/vinyl,vinyl,Banner,top5pct-vinyl-shirts.jpg,vinyl,R3,"Jun 8, 2026",No,No,none,1
vinyl,custom-apparel/specialty-materials/vinyl.blade.php,/custom-apparel/specialty-materials/vinyl,vinyl,Carousel 1 (base),top5pct-vinyl-shirts-joliet.jpg,vinyl,R3,"Jun 20, 2026",No,No,none,1
vinyl,custom-apparel/specialty-materials/vinyl.blade.php,/custom-apparel/specialty-materials/vinyl,vinyl,Carousel 2 (base),vinyl-hoodie.jpg,vinyl,R2,"May 18, 2026",No,No,none,1
vinyl,custom-apparel/specialty-materials/vinyl.blade.php,/custom-apparel/specialty-materials/vinyl,vinyl,Carousel 3 (base),vinyl-caps.jpg,vinyl,R2,"May 18, 2026",No,No,none,1
vinyl,custom-apparel/specialty-materials/vinyl.blade.php,/custom-apparel/specialty-materials/vinyl,vinyl,Carousel 4 (base),vinyl-zip-up-hoodies.jpg,vinyl,R2,"May 18, 2026",No,No,none,1
vinyl,custom-apparel/specialty-materials/vinyl.blade.php,/custom-apparel/specialty-materials/vinyl,vinyl,Card 1,custom-vinyl-shirts.jpg,vinyl,R2,"May 18, 2026",No,No,none,1
vinyl,custom-apparel/specialty-materials/vinyl.blade.php,/custom-apparel/specialty-materials/vinyl,vinyl,Card 2,custom-vinyl-hoodies.jpg,vinyl,R2,"May 18, 2026",No,No,none,1
vinyl,custom-apparel/specialty-materials/vinyl.blade.php,/custom-apparel/specialty-materials/vinyl,vinyl,2-image 1,custom-caps-vinyl.jpg,vinyl,R2,"May 18, 2026",No,No,none,1
vinyl,custom-apparel/specialty-materials/vinyl.blade.php,/custom-apparel/specialty-materials/vinyl,vinyl,2-image 2,neon-vinyl-shirts.jpg,vinyl,R2,"May 18, 2026",No,No,none,1
vinyl,custom-apparel/specialty-materials/vinyl.blade.php,/custom-apparel/specialty-materials/vinyl,vinyl,Card 3,custom-hoodies.jpg,vinyl,R2,"May 18, 2026",No,No,none,1
vinyl,custom-apparel/specialty-materials/vinyl.blade.php,/custom-apparel/specialty-materials/vinyl,vinyl,Detailed-info 1,top5pct-vinyl-t-shirt-maker.jpg,vinyl,R3,"Jun 8, 2026",No,No,none,1
vinyl,custom-apparel/specialty-materials/vinyl.blade.php,/custom-apparel/specialty-materials/vinyl,vinyl,Slide-L,vinyl-t-shirt-maker.jpg,vinyl,R2,"May 18, 2026",No,No,none,1
vinyl,custom-apparel/specialty-materials/vinyl.blade.php,/custom-apparel/specialty-materials/vinyl,vinyl,Slide-R,top5pct-retractable-banner.jpg,banners,R1,"May 11, 2026",No,Yes,none,1
vinyl-shirts,custom-apparel/vinyl-shirts.blade.php,/custom-apparel/vinyl-shirts,custom-shirts,Banner,top5pct-custom-vinyl-shirts-caps-hoodies.jpg,custom-shirts,Initial,"Mar 16, 2026",No,No,none,20
vinyl-shirts,custom-apparel/vinyl-shirts.blade.php,/custom-apparel/vinyl-shirts,custom-shirts,Carousel 1 (base),top5pct-custom-caps-vinyl.jpg,custom-shirts,?,?,No,No,file-missing,20
vinyl-shirts,custom-apparel/vinyl-shirts.blade.php,/custom-apparel/vinyl-shirts,custom-shirts,Carousel 2 (base),top5pct-custom-hoodies.jpg,custom-shirts,R1,"May 11, 2026",No,No,none,20
vinyl-shirts,custom-apparel/vinyl-shirts.blade.php,/custom-apparel/vinyl-shirts,custom-shirts,Carousel 3 (base),top5pct-custom-vinyl-hoodies.jpg,custom-shirts,?,?,No,No,file-missing,20
vinyl-shirts,custom-apparel/vinyl-shirts.blade.php,/custom-apparel/vinyl-shirts,custom-shirts,Carousel 4 (base),top5pct-custom-vinyl-shirts.jpg,custom-shirts,?,?,No,No,file-missing,20
vinyl-shirts,custom-apparel/vinyl-shirts.blade.php,/custom-apparel/vinyl-shirts,custom-shirts,Card 1,top5pct-neon-vinyl-shirts.jpg,custom-shirts,?,?,No,No,file-missing,20
vinyl-shirts,custom-apparel/vinyl-shirts.blade.php,/custom-apparel/vinyl-shirts,custom-shirts,Card 2,top5pct-vinyl-caps.jpg,custom-shirts,?,?,No,No,file-missing,20
vinyl-shirts,custom-apparel/vinyl-shirts.blade.php,/custom-apparel/vinyl-shirts,custom-shirts,Detailed-info 1,top5pct-vinyl-hoodie.jpg,custom-shirts,?,?,No,No,file-missing,20
vinyl-shirts,custom-apparel/vinyl-shirts.blade.php,/custom-apparel/vinyl-shirts,custom-shirts,Slide-L,top5pct-custom-vinyl-shirts-caps-hoodies.jpg,custom-shirts,Initial,"Mar 16, 2026",No,No,none,20
vinyl-shirts,custom-apparel/vinyl-shirts.blade.php,/custom-apparel/vinyl-shirts,custom-shirts,Slide-R,top5pct-custom-glitter-shirt-cap-hoodie-joliet.jpg,custom-shirts,?,?,No,No,file-missing,20
custom-storefronts,design-services/custom-storefronts.blade.php,/design-services/custom-storefronts,custom-shirts,Banner,top5pct-banner-custom-apparel-custom-shirts-custom-hoodies-custom-caps.jpg,custom-shirts,Initial,"Mar 16, 2026",No,No,none,20
custom-storefronts,design-services/custom-storefronts.blade.php,/design-services/custom-storefronts,custom-shirts,Card 1,top5pct-banner-custom-apparel-custom-shirts-custom-hoodies-custom-caps.jpg,custom-shirts,Initial,"Mar 16, 2026",No,No,none,20
custom-storefronts,design-services/custom-storefronts.blade.php,/design-services/custom-storefronts,custom-shirts,Card 2,top5pct-custom-embroidery-shops-near-me-joliet.jpg,embroidery,Initial,"Mar 16, 2026",No,Yes,none,20
custom-storefronts,design-services/custom-storefronts.blade.php,/design-services/custom-storefronts,custom-shirts,Slide-L,top5pct-banner-custom-apparel-custom-shirts-custom-hoodies-custom-caps.jpg,custom-shirts,Initial,"Mar 16, 2026",No,No,none,20
custom-storefronts,design-services/custom-storefronts.blade.php,/design-services/custom-storefronts,custom-shirts,Slide-R,top5pct-custom-t-shirts-main.jpg,custom-shirts,Initial,"Mar 16, 2026",No,No,none,20
graphic-design,design-services/graphic-design.blade.php,/design-services/graphic-design,business-signs,Carousel 1 (base),top5pct-banner-business-signs-joliet-plainfield-shorewood.jpg,business-signs,Initial,"Mar 16, 2026",No,No,none,7
graphic-design,design-services/graphic-design.blade.php,/design-services/graphic-design,business-signs,Carousel 2 (base),top5pct-banner-business-banners-joliet-shorewood-crest-hill.jpg,banners,Initial,"Mar 16, 2026",No,Yes,none,7
graphic-design,design-services/graphic-design.blade.php,/design-services/graphic-design,business-signs,Carousel 3 (base),top5pct-custom-holographic-shirt-hoodie-cap-joliet.jpg,custom-shirts,Initial,"Mar 16, 2026",No,Yes,none,7
graphic-design,design-services/graphic-design.blade.php,/design-services/graphic-design,business-signs,Carousel 4 (base),top5pct-banner-custom-apparel-custom-shirts-custom-hoodies-custom-caps.jpg,custom-shirts,Initial,"Mar 16, 2026",No,Yes,none,7
graphic-design,design-services/graphic-design.blade.php,/design-services/graphic-design,business-signs,Card 1,top5pct-banner-business-signs-joliet-plainfield-shorewood.jpg,business-signs,Initial,"Mar 16, 2026",No,No,none,7
graphic-design,design-services/graphic-design.blade.php,/design-services/graphic-design,business-signs,Card 2,top5pct-custom-holographic-shirt-hoodie-cap-joliet.jpg,custom-shirts,Initial,"Mar 16, 2026",No,Yes,none,7
graphic-design,design-services/graphic-design.blade.php,/design-services/graphic-design,business-signs,Detailed-info 1,top5pct-banner-business-signs-joliet-plainfield-shorewood.jpg,business-signs,Initial,"Mar 16, 2026",No,No,none,7
graphic-design,design-services/graphic-design.blade.php,/design-services/graphic-design,business-signs,Slide-L,top5pct-banner-business-banners-joliet-shorewood-crest-hill.jpg,banners,Initial,"Mar 16, 2026",No,Yes,none,7
graphic-design,design-services/graphic-design.blade.php,/design-services/graphic-design,business-signs,Slide-R,top5pct-banner-business-signs-joliet-plainfield-shorewood.jpg,business-signs,Initial,"Mar 16, 2026",No,No,none,7
logo-design,design-services/logo-design.blade.php,/design-services/logo-design,business-signs,Carousel 1 (base),top5pct-banner-business-signs-joliet-plainfield-shorewood.jpg,business-signs,Initial,"Mar 16, 2026",No,No,none,7
logo-design,design-services/logo-design.blade.php,/design-services/logo-design,business-signs,Carousel 2 (base),top5pct-custom-embroidery-shops-near-me-joliet.jpg,embroidery,Initial,"Mar 16, 2026",No,Yes,none,7
logo-design,design-services/logo-design.blade.php,/design-services/logo-design,business-signs,Carousel 3 (base),top5pct-banner-custom-apparel-custom-shirts-custom-hoodies-custom-caps.jpg,custom-shirts,Initial,"Mar 16, 2026",No,Yes,none,7
logo-design,design-services/logo-design.blade.php,/design-services/logo-design,business-signs,Carousel 4 (base),top5pct-banner-business-banners-joliet-shorewood-crest-hill.jpg,banners,Initial,"Mar 16, 2026",No,Yes,none,7
logo-design,design-services/logo-design.blade.php,/design-services/logo-design,business-signs,Card 1,top5pct-banner-custom-apparel-custom-shirts-custom-hoodies-custom-caps.jpg,custom-shirts,Initial,"Mar 16, 2026",No,Yes,none,7
logo-design,design-services/logo-design.blade.php,/design-services/logo-design,business-signs,Card 2,top5pct-custom-embroidery-shops-near-me-joliet.jpg,embroidery,Initial,"Mar 16, 2026",No,Yes,none,7
logo-design,design-services/logo-design.blade.php,/design-services/logo-design,business-signs,Detailed-info 1,top5pct-banner-business-signs-joliet-plainfield-shorewood.jpg,business-signs,Initial,"Mar 16, 2026",No,No,none,7
logo-design,design-services/logo-design.blade.php,/design-services/logo-design,business-signs,Slide-L,top5pct-banner-business-signs-joliet-plainfield-shorewood.jpg,business-signs,Initial,"Mar 16, 2026",No,No,none,7
logo-design,design-services/logo-design.blade.php,/design-services/logo-design,business-signs,Slide-R,top5pct-banner-business-banners-joliet-shorewood-crest-hill.jpg,banners,Initial,"Mar 16, 2026",No,Yes,none,7
can-koozies,promotional-items/can-koozies.blade.php,/promotional-items/can-koozies,can-koozies,Banner,top5pct-koozie-can-joliet-r5.jpg,can-koozies,R5,"Jun 19, 2026",Yes,No,top5pct-koozie-can-joliet.jpg [dup],7
can-koozies,promotional-items/can-koozies.blade.php,/promotional-items/can-koozies,can-koozies,Carousel 1 (base),top5pct-can-koozies-r5.jpg,can-koozies,R5,"May 3, 2026",Yes,No,top5pct-can-koozies.jpg [dup],7
can-koozies,promotional-items/can-koozies.blade.php,/promotional-items/can-koozies,can-koozies,Carousel 2 (base),top5pct-custom-koozies-r5.jpg,can-koozies,R5,"May 3, 2026",Yes,No,top5pct-custom-koozies.jpg [dup],7
can-koozies,promotional-items/can-koozies.blade.php,/promotional-items/can-koozies,can-koozies,Carousel 3 (base),top5pct-custom-can-koozies-r5.jpg,can-koozies,R5,"Jun 1, 2026",Yes,No,top5pct-custom-can-koozies.jpg [dup],7
can-koozies,promotional-items/can-koozies.blade.php,/promotional-items/can-koozies,can-koozies,Carousel 4 (base),top5pct-koozies-joliet-r5.jpg,can-koozies,R5,"Jun 1, 2026",Yes,No,top5pct-koozies-joliet.jpg [dup],7
can-koozies,promotional-items/can-koozies.blade.php,/promotional-items/can-koozies,can-koozies,Carousel 5 (overage),top5pct-koozies-custom-channahon.jpg,can-koozies,R5,"Jul 3, 2026",Yes,No,none,7
can-koozies,promotional-items/can-koozies.blade.php,/promotional-items/can-koozies,can-koozies,Carousel 6 (overage),top5pct-koozies-custom-romeoville.jpg,can-koozies,R5,"Jul 3, 2026",Yes,No,none,7
can-koozies,promotional-items/can-koozies.blade.php,/promotional-items/can-koozies,can-koozies,Card 1,top5pct-personalized-koozies-joliet-r5.jpg,can-koozies,R5,"May 24, 2026",Yes,No,top5pct-personalized-koozies-joliet.jpg [dup],7
can-koozies,promotional-items/can-koozies.blade.php,/promotional-items/can-koozies,can-koozies,Card 2,top5pct-koozies-channahon-r5.jpg,can-koozies,R5,"Jun 20, 2026",Yes,No,top5pct-koozies-channahon.jpg [dup],7
can-koozies,promotional-items/can-koozies.blade.php,/promotional-items/can-koozies,can-koozies,Detailed-info 1,top5pct-koozie-custom-naperville.jpg,can-koozies,R5,"Jul 3, 2026",Yes,No,none,7
can-koozies,promotional-items/can-koozies.blade.php,/promotional-items/can-koozies,can-koozies,Slide-L,top5pct-custom-coffee-mugs-in-joliet.jpg,mugs,R1,"May 11, 2026",No,Yes,top5pct-custom-coffee-mugs-in-joliet-r5.jpg [dup],7
can-koozies,promotional-items/can-koozies.blade.php,/promotional-items/can-koozies,can-koozies,Slide-R,top5pct-screenprinted-shirts-joliet.jpg,custom-shirts,R1,"May 11, 2026",No,Yes,none,7
drink-coasters,promotional-items/drink-coasters.blade.php,/promotional-items/drink-coasters,custom-shirts,Carousel 1 (base),top5pct-banner-custom-apparel-custom-shirts-custom-hoodies-custom-caps.jpg,custom-shirts,Initial,"Mar 16, 2026",No,No,none,19
drink-coasters,promotional-items/drink-coasters.blade.php,/promotional-items/drink-coasters,custom-shirts,Carousel 2 (base),top5pct-custom-embroidery-shops-near-me-joliet.jpg,embroidery,Initial,"Mar 16, 2026",No,Yes,none,19
drink-coasters,promotional-items/drink-coasters.blade.php,/promotional-items/drink-coasters,custom-shirts,Carousel 3 (base),top5pct-t-shirt-maker-article-pic2.jpg,custom-shirts,Initial,"Mar 17, 2026",No,No,none,19
drink-coasters,promotional-items/drink-coasters.blade.php,/promotional-items/drink-coasters,custom-shirts,Carousel 4 (base),top5pct-t-shirt-maker-article-pic1.jpg,custom-shirts,Initial,"Mar 17, 2026",No,No,none,19
drink-coasters,promotional-items/drink-coasters.blade.php,/promotional-items/drink-coasters,custom-shirts,Card 1,top5pct-banner-custom-apparel-custom-shirts-custom-hoodies-custom-caps.jpg,custom-shirts,Initial,"Mar 16, 2026",No,No,none,19
drink-coasters,promotional-items/drink-coasters.blade.php,/promotional-items/drink-coasters,custom-shirts,Card 2,top5pct-custom-embroidery-shops-near-me-joliet.jpg,embroidery,Initial,"Mar 16, 2026",No,Yes,none,19
drink-coasters,promotional-items/drink-coasters.blade.php,/promotional-items/drink-coasters,custom-shirts,Detailed-info 1,top5pct-banner-custom-apparel-custom-shirts-custom-hoodies-custom-caps.jpg,custom-shirts,Initial,"Mar 16, 2026",No,No,none,19
drink-coasters,promotional-items/drink-coasters.blade.php,/promotional-items/drink-coasters,custom-shirts,Slide-L,top5pct-custom-embroidery-shops-near-me-joliet.jpg,embroidery,Initial,"Mar 16, 2026",No,Yes,none,19
drink-coasters,promotional-items/drink-coasters.blade.php,/promotional-items/drink-coasters,custom-shirts,Slide-R,top5pct-custom-glitter-shirt-cap-hoodie-joliet.jpg,custom-shirts,?,?,No,No,file-missing,19
mouse-pads,promotional-items/mouse-pads.blade.php,/promotional-items/mouse-pads,custom-shirts,Carousel 1 (base),top5pct-banner-custom-apparel-custom-shirts-custom-hoodies-custom-caps.jpg,custom-shirts,Initial,"Mar 16, 2026",No,No,none,18
mouse-pads,promotional-items/mouse-pads.blade.php,/promotional-items/mouse-pads,custom-shirts,Carousel 2 (base),top5pct-custom-vinyl-shirts-caps-hoodies.jpg,custom-shirts,Initial,"Mar 16, 2026",No,No,none,18
mouse-pads,promotional-items/mouse-pads.blade.php,/promotional-items/mouse-pads,custom-shirts,Carousel 3 (base),top5pct-t-shirt-maker-article-pic2.jpg,custom-shirts,Initial,"Mar 17, 2026",No,No,none,18
mouse-pads,promotional-items/mouse-pads.blade.php,/promotional-items/mouse-pads,custom-shirts,Carousel 4 (base),top5pct-t-shirt-maker-article-pic1.jpg,custom-shirts,Initial,"Mar 17, 2026",No,No,none,18
mouse-pads,promotional-items/mouse-pads.blade.php,/promotional-items/mouse-pads,custom-shirts,Card 1,top5pct-banner-custom-apparel-custom-shirts-custom-hoodies-custom-caps.jpg,custom-shirts,Initial,"Mar 16, 2026",No,No,none,18
mouse-pads,promotional-items/mouse-pads.blade.php,/promotional-items/mouse-pads,custom-shirts,Card 2,top5pct-custom-vinyl-shirts-caps-hoodies.jpg,custom-shirts,Initial,"Mar 16, 2026",No,No,none,18
mouse-pads,promotional-items/mouse-pads.blade.php,/promotional-items/mouse-pads,custom-shirts,Detailed-info 1,top5pct-banner-custom-apparel-custom-shirts-custom-hoodies-custom-caps.jpg,custom-shirts,Initial,"Mar 16, 2026",No,No,none,18
mouse-pads,promotional-items/mouse-pads.blade.php,/promotional-items/mouse-pads,custom-shirts,Slide-L,top5pct-custom-vinyl-shirts-caps-hoodies.jpg,custom-shirts,Initial,"Mar 16, 2026",No,No,none,18
mouse-pads,promotional-items/mouse-pads.blade.php,/promotional-items/mouse-pads,custom-shirts,Slide-R,top5pct-custom-embroidery-shops-near-me-joliet.jpg,embroidery,Initial,"Mar 16, 2026",No,Yes,none,18
mugs,promotional-items/mugs.blade.php,/promotional-items/mugs,mugs,Banner,top5pct-mugs-custom-plainfield-r5.jpg,mugs,R5,"Jun 19, 2026",Yes,No,top5pct-mugs-custom-plainfield.jpg [dup],8
mugs,promotional-items/mugs.blade.php,/promotional-items/mugs,mugs,Carousel 1 (base),top5pct-custom-coffee-mugs-in-joliet-r5.jpg,mugs,R5,"Apr 26, 2026",Yes,No,top5pct-custom-coffee-mugs-in-joliet.jpg [dup],8
mugs,promotional-items/mugs.blade.php,/promotional-items/mugs,mugs,Carousel 2 (base),top5pct-custom-coffee-mugs-r5.jpg,mugs,R5,"May 3, 2026",Yes,No,top5pct-custom-coffee-mugs.jpg [dup],8
mugs,promotional-items/mugs.blade.php,/promotional-items/mugs,mugs,Carousel 3 (base),top5pct-custom-mugs-near-me-r5.jpg,mugs,R5,"May 3, 2026",Yes,No,top5pct-custom-mugs-near-me.jpg [dup],8
mugs,promotional-items/mugs.blade.php,/promotional-items/mugs,mugs,Carousel 4 (base),top5pct-custom-mugs-r5.jpg,mugs,R5,"May 3, 2026",Yes,No,top5pct-custom-mugs.jpg [dup],8
mugs,promotional-items/mugs.blade.php,/promotional-items/mugs,mugs,Carousel 5 (overage),top5pct-mugs-custom-channahon.jpg,mugs,R5,"Jul 3, 2026",Yes,No,none,8
mugs,promotional-items/mugs.blade.php,/promotional-items/mugs,mugs,Carousel 6 (overage),top5pct-mugs-customized-crest-hill.jpg,mugs,R5,"Jul 3, 2026",Yes,No,none,8
mugs,promotional-items/mugs.blade.php,/promotional-items/mugs,mugs,Carousel 7 (overage),top5pct-printed-mugs-joliet.jpg,mugs,R2,"Jun 1, 2026",No,No,none,8
mugs,promotional-items/mugs.blade.php,/promotional-items/mugs,mugs,Card 1,top5pct-custom-printed-mugs-r5.jpg,mugs,R5,"May 3, 2026",Yes,No,top5pct-custom-printed-mugs.jpg [dup],8
mugs,promotional-items/mugs.blade.php,/promotional-items/mugs,mugs,Card 2,top5pct-picture-on-mugs-r5.jpg,mugs,R5,"May 3, 2026",Yes,No,top5pct-picture-on-mugs.jpg [dup],8
mugs,promotional-items/mugs.blade.php,/promotional-items/mugs,mugs,Detailed-info 1,top5pct-printed-mugs-r5.jpg,mugs,R5,"May 3, 2026",Yes,No,top5pct-printed-mugs.jpg [collision],8
mugs,promotional-items/mugs.blade.php,/promotional-items/mugs,mugs,Slide-L,top5pct-printed-mugs-and-tees.jpg,mugs,R1,"May 11, 2026",No,No,none,8
mugs,promotional-items/mugs.blade.php,/promotional-items/mugs,mugs,Slide-R,top5pct-glitter-sweatshirts-joliet.jpg,glitter-shirts,R3,"Jun 8, 2026",No,Yes,none,8
tote-bags,promotional-items/tote-bags.blade.php,/promotional-items/tote-bags,custom-shirts,Carousel 1 (base),top5pct-banner-custom-apparel-custom-shirts-custom-hoodies-custom-caps.jpg,custom-shirts,Initial,"Mar 16, 2026",No,No,none,17
tote-bags,promotional-items/tote-bags.blade.php,/promotional-items/tote-bags,custom-shirts,Carousel 2 (base),top5pct-custom-reflective-shirts-hoodies-caps-joliet.jpg,custom-shirts,Initial,"Mar 16, 2026",No,No,none,17
tote-bags,promotional-items/tote-bags.blade.php,/promotional-items/tote-bags,custom-shirts,Carousel 3 (base),top5pct-t-shirt-maker-article-pic1.jpg,custom-shirts,Initial,"Mar 17, 2026",No,No,none,17
tote-bags,promotional-items/tote-bags.blade.php,/promotional-items/tote-bags,custom-shirts,Carousel 4 (base),top5pct-t-shirt-maker-article-pic2.jpg,custom-shirts,Initial,"Mar 17, 2026",No,No,none,17
tote-bags,promotional-items/tote-bags.blade.php,/promotional-items/tote-bags,custom-shirts,Card 1,top5pct-banner-custom-apparel-custom-shirts-custom-hoodies-custom-caps.jpg,custom-shirts,Initial,"Mar 16, 2026",No,No,none,17
tote-bags,promotional-items/tote-bags.blade.php,/promotional-items/tote-bags,custom-shirts,Card 2,top5pct-custom-reflective-shirts-hoodies-caps-joliet.jpg,custom-shirts,Initial,"Mar 16, 2026",No,No,none,17
tote-bags,promotional-items/tote-bags.blade.php,/promotional-items/tote-bags,custom-shirts,Detailed-info 1,top5pct-banner-custom-apparel-custom-shirts-custom-hoodies-custom-caps.jpg,custom-shirts,Initial,"Mar 16, 2026",No,No,none,17
tote-bags,promotional-items/tote-bags.blade.php,/promotional-items/tote-bags,custom-shirts,Slide-L,top5pct-custom-reflective-shirts-hoodies-caps-joliet.jpg,custom-shirts,Initial,"Mar 16, 2026",No,No,none,17
tote-bags,promotional-items/tote-bags.blade.php,/promotional-items/tote-bags,custom-shirts,Slide-R,top5pct-custom-vinyl-shirts-caps-hoodies.jpg,custom-shirts,Initial,"Mar 16, 2026",No,No,none,17
towels,promotional-items/towels.blade.php,/promotional-items/towels,custom-shirts,Carousel 1 (base),top5pct-banner-custom-apparel-custom-shirts-custom-hoodies-custom-caps.jpg,custom-shirts,Initial,"Mar 16, 2026",No,No,none,18
towels,promotional-items/towels.blade.php,/promotional-items/towels,custom-shirts,Carousel 2 (base),top5pct-custom-glitter-shirt-cap-hoodie-joliet.jpg,custom-shirts,?,?,No,No,file-missing,18
towels,promotional-items/towels.blade.php,/promotional-items/towels,custom-shirts,Carousel 3 (base),top5pct-t-shirt-maker-article-pic1.jpg,custom-shirts,Initial,"Mar 17, 2026",No,No,none,18
towels,promotional-items/towels.blade.php,/promotional-items/towels,custom-shirts,Carousel 4 (base),top5pct-custom-holographic-shirt-hoodie-cap-joliet.jpg,custom-shirts,Initial,"Mar 16, 2026",No,No,none,18
towels,promotional-items/towels.blade.php,/promotional-items/towels,custom-shirts,Card 1,top5pct-banner-custom-apparel-custom-shirts-custom-hoodies-custom-caps.jpg,custom-shirts,Initial,"Mar 16, 2026",No,No,none,18
towels,promotional-items/towels.blade.php,/promotional-items/towels,custom-shirts,Card 2,top5pct-custom-glitter-shirt-cap-hoodie-joliet.jpg,custom-shirts,?,?,No,No,file-missing,18
towels,promotional-items/towels.blade.php,/promotional-items/towels,custom-shirts,Detailed-info 1,top5pct-banner-custom-apparel-custom-shirts-custom-hoodies-custom-caps.jpg,custom-shirts,Initial,"Mar 16, 2026",No,No,none,18
towels,promotional-items/towels.blade.php,/promotional-items/towels,custom-shirts,Slide-L,top5pct-custom-glitter-shirt-cap-hoodie-joliet.jpg,custom-shirts,?,?,No,No,file-missing,18
towels,promotional-items/towels.blade.php,/promotional-items/towels,custom-shirts,Slide-R,top5pct-custom-reflective-shirts-hoodies-caps-joliet.jpg,custom-shirts,Initial,"Mar 16, 2026",No,No,none,18
banners,signs/banners.blade.php,/signs/banners,banners,Banner,top5pct-sports-banners.jpg,banners,R2,"Jun 2, 2026",No,No,none,10
banners,signs/banners.blade.php,/signs/banners,banners,Carousel 1 (base),top5pct-banners-and-signs.jpg,banners,R1,"May 11, 2026",No,No,none,10
banners,signs/banners.blade.php,/signs/banners,banners,Carousel 2 (base),top5pct-banners-near-me.jpg,banners,R1,"May 11, 2026",No,No,none,10
banners,signs/banners.blade.php,/signs/banners,banners,Carousel 3 (base),top5pct-big-banners.jpg,banners,R1,"May 11, 2026",No,No,none,10
banners,signs/banners.blade.php,/signs/banners,banners,Carousel 4 (base),top5pct-custom-retractable-banners-joliet.jpg,banners,R1,"May 11, 2026",No,No,none,10
banners,signs/banners.blade.php,/signs/banners,banners,Card 1,top5pct-custom-vinyl-banners.jpg,banners,R1,"May 11, 2026",No,No,none,10
banners,signs/banners.blade.php,/signs/banners,banners,Card 2,top5pct-graduation-banners.jpg,banners,R1,"May 11, 2026",No,No,none,10
banners,signs/banners.blade.php,/signs/banners,banners,2-image 1,top5pct-mesh-construction-banner.jpg,banners,R2,"Jun 2, 2026",No,No,none,10
banners,signs/banners.blade.php,/signs/banners,banners,2-image 2,top5pct-portable-banners.jpg,banners,R2,"Jun 2, 2026",No,No,none,10
banners,signs/banners.blade.php,/signs/banners,banners,Detailed-info 1,top5pct-retractable-banners-plainfield.jpg,banners,R2,"Jun 2, 2026",No,No,none,10
banners,signs/banners.blade.php,/signs/banners,banners,Slide-L,top5pct-banner-retractable-plainfield.jpg,banners,R3,"Jun 20, 2026",No,No,none,10
banners,signs/banners.blade.php,/signs/banners,banners,Slide-R,top5pct-yard-signs-joliet.jpg,yard-signs,R1,"May 11, 2026",No,Yes,none,10
business-signs,signs/business-signs.blade.php,/signs/business-signs,business-signs,Banner,top5pct-banner-business-signs-joliet-plainfield-shorewood.jpg,business-signs,Initial,"Mar 16, 2026",No,No,none,2
business-signs,signs/business-signs.blade.php,/signs/business-signs,business-signs,Card 1,top5pct-business-signs-joliet-shorewood-crest-hill.jpg,business-signs,Initial,"Mar 16, 2026",No,No,none,2
business-signs,signs/business-signs.blade.php,/signs/business-signs,business-signs,Card 2,top5pct-outdoor-signs-joliet-shorewood-crest-hill.jpg,business-signs,Initial,"Mar 16, 2026",No,No,none,2
business-signs,signs/business-signs.blade.php,/signs/business-signs,business-signs,2-image 1,top5pct-business-signs-joliet-plainfield-romeoville.jpg,business-signs,Initial,"Mar 16, 2026",No,No,none,2
business-signs,signs/business-signs.blade.php,/signs/business-signs,business-signs,2-image 2,top5pct-business-signs-joliet-shorewood-channahon.jpg,business-signs,Initial,"Mar 16, 2026",No,No,none,2
business-signs,signs/business-signs.blade.php,/signs/business-signs,business-signs,Detailed-info 1,top5pct-article-business-signs-pic1.jpg,business-signs,Initial,"Mar 16, 2026",No,No,none,2
coronavirus-signs,signs/coronavirus-signs.blade.php,/signs/coronavirus-signs,corona-virus-signs,Card 1,top5pct-coronavirus-signs-joliet-shorewood-lockport.jpg,corona-virus-signs,Initial,"Mar 16, 2026",No,No,none,3
coronavirus-signs,signs/coronavirus-signs.blade.php,/signs/coronavirus-signs,corona-virus-signs,Card 2,top5pct-coronavirus-signs-joliet-shorewood-romeoville.jpg,corona-virus-signs,Initial,"Mar 16, 2026",No,No,none,3
coronavirus-signs,signs/coronavirus-signs.blade.php,/signs/coronavirus-signs,corona-virus-signs,2-image 1,top5pct-covid19-signs-stickers-joliet-shorewood.jpg,corona-virus-signs,Initial,"Mar 16, 2026",No,No,none,3
coronavirus-signs,signs/coronavirus-signs.blade.php,/signs/coronavirus-signs,corona-virus-signs,2-image 2,top5pct-face-masks-joliet.jpg,corona-virus-signs,Initial,"Mar 16, 2026",No,No,none,3
door-signs,signs/door-signs.blade.php,/signs/door-signs,door-signs,Banner,top5pct-door-signage.jpg,door-signs,R1,"May 11, 2026",No,No,none,1
door-signs,signs/door-signs.blade.php,/signs/door-signs,door-signs,Carousel 1 (base),top5pct-door-lettering-vinyl.jpg,door-signs,R3,"Jun 7, 2026",No,No,none,1
door-signs,signs/door-signs.blade.php,/signs/door-signs,door-signs,Carousel 2 (base),top5pct-business-door-signs.jpg,door-signs,R2,"Jun 2, 2026",No,No,none,1
door-signs,signs/door-signs.blade.php,/signs/door-signs,door-signs,Carousel 3 (base),top5pct-door-sign-installers.jpg,door-signs,R2,"Jun 2, 2026",No,No,none,1
door-signs,signs/door-signs.blade.php,/signs/door-signs,door-signs,Carousel 4 (base),top5pct-door-wraps-joliet.jpg,door-signs,R3,"Jun 8, 2026",No,No,none,1
door-signs,signs/door-signs.blade.php,/signs/door-signs,door-signs,Carousel 5 (overage),top5pct-door-graphics-joliet.jpg,door-signs,R3,"Jun 19, 2026",No,No,none,1
door-signs,signs/door-signs.blade.php,/signs/door-signs,door-signs,Carousel 6 (overage),top5pct-door-lettering-installer-joliet.jpg,door-signs,R3,"Jun 20, 2026",No,No,none,1
door-signs,signs/door-signs.blade.php,/signs/door-signs,door-signs,Carousel 7 (overage),top5pct-door-sign-vinyl-lettering-joliet.jpg,door-signs,R3,"Jun 20, 2026",No,No,none,1
door-signs,signs/door-signs.blade.php,/signs/door-signs,door-signs,Card 1,top5pct-vinyl-door-lettering.jpg,door-signs,R2,"Jun 2, 2026",No,No,none,1
door-signs,signs/door-signs.blade.php,/signs/door-signs,door-signs,Card 2,top5pct-vinyl-door-signs.jpg,door-signs,R2,"Jun 2, 2026",No,No,none,1
door-signs,signs/door-signs.blade.php,/signs/door-signs,door-signs,Detailed-info 1,top5pct-door-signs-crest-hill.jpg,door-signs,R3,"Jun 20, 2026",No,No,none,1
door-signs,signs/door-signs.blade.php,/signs/door-signs,door-signs,Slide-L,top5pct-door-decals-channahon.jpg,door-signs,R3,"Jun 19, 2026",No,No,none,1
door-signs,signs/door-signs.blade.php,/signs/door-signs,door-signs,Slide-R,top5pct-wall-sign-for-businesses.jpg,wall-signs,R3,"Jun 6, 2026",No,Yes,top5pct-wall-sign-for-businesses-r5.jpg [dup],1
floor-signs,signs/floor-signs.blade.php,/signs/floor-signs,wall-signs,Banner,top5pct-wall-signs-for-businesses.jpg,wall-signs,R3,"Jun 6, 2026",No,No,top5pct-wall-signs-for-businesses-r5.jpg [dup],8
floor-signs,signs/floor-signs.blade.php,/signs/floor-signs,wall-signs,Carousel 1 (base),top5pct-wall-signs-mishas-gaming-lounge.jpg,wall-signs,R1,"May 11, 2026",No,No,none,8
floor-signs,signs/floor-signs.blade.php,/signs/floor-signs,wall-signs,Carousel 2 (base),top5pct-wall-sign-for-businesses.jpg,wall-signs,R3,"Jun 6, 2026",No,No,top5pct-wall-sign-for-businesses-r5.jpg [dup],8
floor-signs,signs/floor-signs.blade.php,/signs/floor-signs,wall-signs,Carousel 3 (base),top5pct-wall-decals-bedroom.jpg,wall-signs,R3,"Jun 6, 2026",No,No,top5pct-wall-decals-bedroom-r5.jpg [dup],8
floor-signs,signs/floor-signs.blade.php,/signs/floor-signs,wall-signs,Carousel 4 (base),top5pct-wall-wraps.jpg,wall-signs,R3,"Jun 8, 2026",No,No,top5pct-wall-wraps-r5.jpg [dup],8
floor-signs,signs/floor-signs.blade.php,/signs/floor-signs,wall-signs,Card 1,top5pct-wall-signs.jpg,wall-signs,R3,"Jun 8, 2026",No,No,top5pct-wall-signs-r5.jpg [dup],8
floor-signs,signs/floor-signs.blade.php,/signs/floor-signs,wall-signs,Card 2,top5pct-article-window-wall-signs.jpg,wall-signs,R3,"Jun 8, 2026",No,No,none,8
floor-signs,signs/floor-signs.blade.php,/signs/floor-signs,wall-signs,Detailed-info 1,top5pct-banner-wall-decal-door-signs-joliet.jpg,wall-signs,R3,"Jun 8, 2026",No,No,none,8
floor-signs,signs/floor-signs.blade.php,/signs/floor-signs,wall-signs,Slide-L,top5pct-wall-decals-joliet.jpg,wall-signs,R3,"Jun 8, 2026",No,No,none,8
floor-signs,signs/floor-signs.blade.php,/signs/floor-signs,wall-signs,Slide-R,top5pct-window-signs-for-businesses-joliet.jpg,window-signs,R3,"Jun 8, 2026",No,Yes,none,8
posters,signs/posters.blade.php,/signs/posters,posters,Banner,top5pct-posters-printed-joliet.jpg,posters,R2,"Jun 2, 2026",No,No,none,5
posters,signs/posters.blade.php,/signs/posters,posters,Carousel 1 (base),top5pct-big-posters-joliet.jpg,posters,R2,"Jun 2, 2026",No,No,none,5
posters,signs/posters.blade.php,/signs/posters,posters,Carousel 2 (base),top5pct-custom-posters.jpg,posters,R2,"Jun 2, 2026",No,No,none,5
posters,signs/posters.blade.php,/signs/posters,posters,Carousel 3 (base),top5pct-poster-board-joliet.jpg,posters,R2,"Jun 2, 2026",No,No,none,5
posters,signs/posters.blade.php,/signs/posters,posters,Carousel 4 (base),top5pct-posters-joliet.jpg,posters,R3,"Jun 20, 2026",No,No,none,5
posters,signs/posters.blade.php,/signs/posters,posters,Card 1,top5pct-posters-business-joliet.jpg,posters,R3,"Jun 19, 2026",No,No,none,5
posters,signs/posters.blade.php,/signs/posters,posters,Card 2,top5pct-posters-company-joliet.jpg,posters,R3,"Jun 19, 2026",No,No,none,5
posters,signs/posters.blade.php,/signs/posters,posters,2-image 1,top5pct-posters-shorewood.jpg,posters,R3,"Jun 19, 2026",No,No,none,5
posters,signs/posters.blade.php,/signs/posters,posters,2-image 2,top5pct-posters-customized-joliet.jpg,posters,R3,"Jun 20, 2026",No,No,none,5
posters,signs/posters.blade.php,/signs/posters,posters,Card 3,top5pct-poster-store-joliet-shorewood-plainfield.jpg,posters,Initial,"Mar 16, 2026",No,No,none,5
posters,signs/posters.blade.php,/signs/posters,posters,Detailed-info 1,top5pct-article-posters-joliet-pic1.jpg,posters,Initial,"Mar 16, 2026",No,No,none,5
posters,signs/posters.blade.php,/signs/posters,posters,Slide-L,top5pct-banners-and-signs.jpg,banners,R1,"May 11, 2026",No,Yes,none,5
posters,signs/posters.blade.php,/signs/posters,posters,Slide-R,top5pct-retractable-banner.jpg,banners,R1,"May 11, 2026",No,Yes,none,5
sidewalk-signs-a-frame-signs,signs/sidewalk-signs-a-frame-signs.blade.php,/signs/sidewalk-signs-a-frame-signs,sidewalk-signs,Banner,top5pct-a-frame-sidewalk-signs-r5.jpg,sidewalk-signs,R5,"May 28, 2026",Yes,No,top5pct-a-frame-sidewalk-signs.jpg [dup],16
sidewalk-signs-a-frame-signs,signs/sidewalk-signs-a-frame-signs.blade.php,/signs/sidewalk-signs-a-frame-signs,sidewalk-signs,Carousel 1 (base),top5pct-sidewalk-signs-plainfield-r5.jpg,sidewalk-signs,R5,"Jun 9, 2026",Yes,No,top5pct-sidewalk-signs-plainfield.jpg [dup],16
sidewalk-signs-a-frame-signs,signs/sidewalk-signs-a-frame-signs.blade.php,/signs/sidewalk-signs-a-frame-signs,sidewalk-signs,Carousel 2 (base),top5pct-custom-a-frame-sidewalk-signs-joliet-r5.jpg,sidewalk-signs,R5,"Apr 26, 2026",Yes,No,top5pct-custom-a-frame-sidewalk-signs-joliet.jpg [dup],16
sidewalk-signs-a-frame-signs,signs/sidewalk-signs-a-frame-signs.blade.php,/signs/sidewalk-signs-a-frame-signs,sidewalk-signs,Carousel 3 (base),top5pct-sidewalk-sign-r5.jpg,sidewalk-signs,R5,"May 3, 2026",Yes,No,top5pct-sidewalk-sign.jpg [dup],16
sidewalk-signs-a-frame-signs,signs/sidewalk-signs-a-frame-signs.blade.php,/signs/sidewalk-signs-a-frame-signs,sidewalk-signs,Carousel 4 (base),top5pct-sidewalk-signs-joliet-r5.jpg,sidewalk-signs,R5,"Apr 26, 2026",Yes,No,top5pct-sidewalk-signs-joliet.jpg [collision],16
sidewalk-signs-a-frame-signs,signs/sidewalk-signs-a-frame-signs.blade.php,/signs/sidewalk-signs-a-frame-signs,sidewalk-signs,Carousel 5 (overage),top5pct-sidewalk-signs-shorewood.jpg,sidewalk-signs,R2,"May 28, 2026",No,No,none,16
sidewalk-signs-a-frame-signs,signs/sidewalk-signs-a-frame-signs.blade.php,/signs/sidewalk-signs-a-frame-signs,sidewalk-signs,Card 1,top5pct-sidewalk-sign-a-frame-cresthill-r5.jpg,sidewalk-signs,R5,"Jun 9, 2026",Yes,No,top5pct-sidewalk-sign-a-frame-cresthill.jpg [dup],16
sidewalk-signs-a-frame-signs,signs/sidewalk-signs-a-frame-signs.blade.php,/signs/sidewalk-signs-a-frame-signs,sidewalk-signs,Card 2,top5pct-sidewalk-signage-r5.jpg,sidewalk-signs,R5,"May 28, 2026",Yes,No,top5pct-sidewalk-signage.jpg [dup],16
sidewalk-signs-a-frame-signs,signs/sidewalk-signs-a-frame-signs.blade.php,/signs/sidewalk-signs-a-frame-signs,sidewalk-signs,Detailed-info 1,top5pct-a-frame-sign-r5.jpg,sidewalk-signs,R5,"May 3, 2026",Yes,No,top5pct-a-frame-sign.jpg [dup],16
sidewalk-signs-a-frame-signs,signs/sidewalk-signs-a-frame-signs.blade.php,/signs/sidewalk-signs-a-frame-signs,sidewalk-signs,Slide-L,top5pct-yard-signs-shorewood.jpg,yard-signs,R3,"Jun 7, 2026",No,Yes,none,16
sidewalk-signs-a-frame-signs,signs/sidewalk-signs-a-frame-signs.blade.php,/signs/sidewalk-signs-a-frame-signs,sidewalk-signs,Slide-R,top5pct-mesh-construction-banner.jpg,banners,R2,"Jun 2, 2026",No,Yes,none,16
sidewalk-signs,signs/sidewalk-signs.blade.php,/signs/sidewalk-signs,sidewalk-signs,Banner,top5pct-sidewalk-signage.jpg,sidewalk-signs,R2,"Jun 2, 2026",No,No,top5pct-sidewalk-signage-r5.jpg [dup],12
sidewalk-signs,signs/sidewalk-signs.blade.php,/signs/sidewalk-signs,sidewalk-signs,Carousel 1 (base),top5pct-a-frame-sign.jpg,sidewalk-signs,R1,"May 11, 2026",No,No,top5pct-a-frame-sign-r5.jpg [dup],12
sidewalk-signs,signs/sidewalk-signs.blade.php,/signs/sidewalk-signs,sidewalk-signs,Carousel 2 (base),top5pct-custom-a-frame-sidewalk-signs-joliet.jpg,sidewalk-signs,R1,"May 11, 2026",No,No,top5pct-custom-a-frame-sidewalk-signs-joliet-r5.jpg [dup],12
sidewalk-signs,signs/sidewalk-signs.blade.php,/signs/sidewalk-signs,sidewalk-signs,Carousel 3 (base),top5pct-sidewalk-sign.jpg,sidewalk-signs,R1,"May 11, 2026",No,No,top5pct-sidewalk-sign-r5.jpg [dup],12
sidewalk-signs,signs/sidewalk-signs.blade.php,/signs/sidewalk-signs,sidewalk-signs,Carousel 4 (base),top5pct-sidewalk-signs-joliet.jpg,sidewalk-signs,R2,"Jun 2, 2026",No,No,top5pct-sidewalk-signs-joliet-r5.jpg [collision],12
sidewalk-signs,signs/sidewalk-signs.blade.php,/signs/sidewalk-signs,sidewalk-signs,Carousel 5 (overage),top5pct-a-frame-signs-joliet.jpg,sidewalk-signs,R3,"Jun 9, 2026",No,No,top5pct-a-frame-signs-joliet-r5.jpg [dup],12
sidewalk-signs,signs/sidewalk-signs.blade.php,/signs/sidewalk-signs,sidewalk-signs,Carousel 6 (overage),top5pct-sidewalk-sign-a-frame-cresthill.jpg,sidewalk-signs,R3,"Jun 9, 2026",No,No,top5pct-sidewalk-sign-a-frame-cresthill-r5.jpg [dup],12
sidewalk-signs,signs/sidewalk-signs.blade.php,/signs/sidewalk-signs,sidewalk-signs,Carousel 7 (overage),top5pct-sidewalk-signs-plainfield.jpg,sidewalk-signs,R3,"Jun 8, 2026",No,No,top5pct-sidewalk-signs-plainfield-r5.jpg [dup],12
sidewalk-signs,signs/sidewalk-signs.blade.php,/signs/sidewalk-signs,sidewalk-signs,Card 1,top5pct-a-frame-sidewalk-signs.jpg,sidewalk-signs,R2,"Jun 2, 2026",No,No,top5pct-a-frame-sidewalk-signs-r5.jpg [dup],12
sidewalk-signs,signs/sidewalk-signs.blade.php,/signs/sidewalk-signs,sidewalk-signs,Card 2,top5pct-sidewalk-signs-joliet-illinois.jpg,sidewalk-signs,R1,"May 11, 2026",No,No,none,12
sidewalk-signs,signs/sidewalk-signs.blade.php,/signs/sidewalk-signs,sidewalk-signs,Card 3,top5pct-sidewalk-signs-joliet-shorewood-crest-hill.jpg,sidewalk-signs,Initial,"Mar 16, 2026",No,No,none,12
sidewalk-signs,signs/sidewalk-signs.blade.php,/signs/sidewalk-signs,sidewalk-signs,Detailed-info 1,top5pct-article-a-frame-sidewalk-signs.jpg,sidewalk-signs,Initial,"Mar 16, 2026",No,No,none,12
sidewalk-signs,signs/sidewalk-signs.blade.php,/signs/sidewalk-signs,sidewalk-signs,Slide-L,top5pct-a-frame-sidewalk-sign-joliet.jpg,sidewalk-signs,Initial,"Mar 16, 2026",No,No,none,12
sidewalk-signs,signs/sidewalk-signs.blade.php,/signs/sidewalk-signs,sidewalk-signs,Slide-R,top5pct-business-signs-joliet-shorewood-crest-hill.jpg,business-signs,Initial,"Mar 16, 2026",No,Yes,none,12
table-cloths,signs/table-cloths.blade.php,/signs/table-cloths,table-cloths,Banner,top5pct-custom-table-cloth.jpg,table-cloths,R3,"Jun 8, 2026",No,No,none,3
table-cloths,signs/table-cloths.blade.php,/signs/table-cloths,table-cloths,Carousel 1 (base),top5pct-personalized-tablecloth-joliet.jpg,table-cloths,R3,"Jun 8, 2026",No,No,none,3
table-cloths,signs/table-cloths.blade.php,/signs/table-cloths,table-cloths,Carousel 2 (base),top5pct-table-cloths.jpg,table-cloths,R3,"Jun 8, 2026",No,No,none,3
table-cloths,signs/table-cloths.blade.php,/signs/table-cloths,table-cloths,Carousel 3 (base),top5pct-table-cloth-8-feet.jpg,table-cloths,R3,"Jun 4, 2026",No,No,none,3
table-cloths,signs/table-cloths.blade.php,/signs/table-cloths,table-cloths,Carousel 4 (base),top5pct-table-cloth-customized.jpg,table-cloths,R3,"Jun 4, 2026",No,No,none,3
table-cloths,signs/table-cloths.blade.php,/signs/table-cloths,table-cloths,Carousel 5 (overage),top5pct-table-cloths-crest-hill.jpg,table-cloths,R3,"Jun 20, 2026",No,No,none,3
table-cloths,signs/table-cloths.blade.php,/signs/table-cloths,table-cloths,Card 1,top5pct-custom-table-cloth-business.jpg,table-cloths,R3,"Jun 8, 2026",No,No,none,3
table-cloths,signs/table-cloths.blade.php,/signs/table-cloths,table-cloths,Card 2,top5pct-printed-table-cloths.jpg,table-cloths,R3,"Jun 8, 2026",No,No,none,3
table-cloths,signs/table-cloths.blade.php,/signs/table-cloths,table-cloths,Detailed-info 1,top5pct-table-cloths-for-businesses.jpg,table-cloths,R3,"Jun 4, 2026",No,No,none,3
table-cloths,signs/table-cloths.blade.php,/signs/table-cloths,table-cloths,Slide-L,top5pct-table-cloth-with-photos.jpg,table-cloths,R3,"Jun 4, 2026",No,No,none,3
table-cloths,signs/table-cloths.blade.php,/signs/table-cloths,table-cloths,Slide-R,top5pct-retractable-banner.jpg,banners,R1,"May 11, 2026",No,Yes,none,3
table-runners,signs/table-runners.blade.php,/signs/table-runners,table-runners,Banner,top5pct-custom-table-cloth-business.jpg,table-runners,R2,"Jun 2, 2026",No,No,none,7
table-runners,signs/table-runners.blade.php,/signs/table-runners,table-runners,Carousel 1 (base),top5pct-custom-table-runner-near-me.jpg,table-runners,R3,"Jun 6, 2026",No,No,none,7
table-runners,signs/table-runners.blade.php,/signs/table-runners,table-runners,Carousel 2 (base),top5pct-table-runner-company.jpg,table-runners,R3,"Jun 6, 2026",No,No,none,7
table-runners,signs/table-runners.blade.php,/signs/table-runners,table-runners,Carousel 3 (base),top5pct-table-runner-covers.jpg,table-runners,R3,"Jun 6, 2026",No,No,none,7
table-runners,signs/table-runners.blade.php,/signs/table-runners,table-runners,Carousel 4 (base),top5pct-table-runners-customized.jpg,table-runners,R3,"Jun 6, 2026",No,No,none,7
table-runners,signs/table-runners.blade.php,/signs/table-runners,table-runners,Carousel 5 (overage),top5pct-table-runner-channahon.jpg,table-runners,R3,"Jun 20, 2026",No,No,none,7
table-runners,signs/table-runners.blade.php,/signs/table-runners,table-runners,Carousel 6 (overage),top5pct-personalized-tablecloth-joliet.jpg,table-runners,R1,"May 11, 2026",No,No,none,7
table-runners,signs/table-runners.blade.php,/signs/table-runners,table-runners,Carousel 7 (overage),top5pct-table-cloths.jpg,table-runners,R1,"May 11, 2026",No,No,none,7
table-runners,signs/table-runners.blade.php,/signs/table-runners,table-runners,Carousel 8 (overage),top5pct-printed-table-cloths.jpg,table-runners,R2,"Jun 2, 2026",No,No,none,7
table-runners,signs/table-runners.blade.php,/signs/table-runners,table-runners,Card 1,top5pct-table-runner-joliet.jpg,table-runners,R2,"Jun 2, 2026",No,No,none,7
table-runners,signs/table-runners.blade.php,/signs/table-runners,table-runners,Card 2,top5pct-custom-table-runner.jpg,table-runners,R1,"May 11, 2026",No,No,none,7
table-runners,signs/table-runners.blade.php,/signs/table-runners,table-runners,2-image 1,top5pct-custom-table-runners.jpg,table-runners,R1,"May 11, 2026",No,No,none,7
table-runners,signs/table-runners.blade.php,/signs/table-runners,table-runners,2-image 2,top5pct-table-runner.jpg,table-runners,R1,"May 11, 2026",No,No,none,7
table-runners,signs/table-runners.blade.php,/signs/table-runners,table-runners,Card 3,top5pct-table-runners.jpg,table-runners,R1,"May 11, 2026",No,No,none,7
table-runners,signs/table-runners.blade.php,/signs/table-runners,table-runners,Detailed-info 1,top5pct-custom-table-cloth.jpg,table-runners,R1,"May 11, 2026",No,No,none,7
table-runners,signs/table-runners.blade.php,/signs/table-runners,table-runners,Slide-L,top5pct-custom-table-cloth.jpg,table-cloths,R3,"Jun 8, 2026",No,Yes,none,7
table-runners,signs/table-runners.blade.php,/signs/table-runners,table-runners,Slide-R,top5pct-retractable-banner.jpg,banners,R1,"May 11, 2026",No,Yes,none,7
wall-signs,signs/wall-signs.blade.php,/signs/wall-signs,wall-signs,Banner,top5pct-wall-signs-r5.jpg,wall-signs,R5,"May 17, 2026",Yes,No,top5pct-wall-signs.jpg [dup],9
wall-signs,signs/wall-signs.blade.php,/signs/wall-signs,wall-signs,Carousel 1 (base),top5pct-wall-signs-mishas-gaming-lounge.jpg,wall-signs,R1,"May 11, 2026",No,No,none,9
wall-signs,signs/wall-signs.blade.php,/signs/wall-signs,wall-signs,Carousel 2 (base),top5pct-wall-wraps-r5.jpg,wall-signs,R5,"May 17, 2026",Yes,No,top5pct-wall-wraps.jpg [dup],9
wall-signs,signs/wall-signs.blade.php,/signs/wall-signs,wall-signs,Carousel 3 (base),top5pct-wall-decals-bedroom-r5.jpg,wall-signs,R5,"Jun 6, 2026",Yes,No,top5pct-wall-decals-bedroom.jpg [dup],9
wall-signs,signs/wall-signs.blade.php,/signs/wall-signs,wall-signs,Carousel 4 (base),top5pct-wall-sign-for-businesses-r5.jpg,wall-signs,R5,"Jun 6, 2026",Yes,No,top5pct-wall-sign-for-businesses.jpg [dup],9
wall-signs,signs/wall-signs.blade.php,/signs/wall-signs,wall-signs,Card 1,top5pct-banner-wall-decal-door-signs-joliet.jpg,wall-signs,R3,"Jun 8, 2026",No,No,none,9
wall-signs,signs/wall-signs.blade.php,/signs/wall-signs,wall-signs,Card 2,top5pct-wall-signs-for-businesses-r5.jpg,wall-signs,R5,"Jun 6, 2026",Yes,No,top5pct-wall-signs-for-businesses.jpg [dup],9
wall-signs,signs/wall-signs.blade.php,/signs/wall-signs,wall-signs,Detailed-info 1,top5pct-wall-signs-plainfield-r5.jpg,wall-signs,R5,"Jun 19, 2026",Yes,No,top5pct-wall-signs-plainfield.jpg [dup],9
wall-signs,signs/wall-signs.blade.php,/signs/wall-signs,wall-signs,Slide-L,top5pct-window-signs-company-crest-hill.jpg,window-signs,R3,"Jun 20, 2026",No,Yes,none,9
wall-signs,signs/wall-signs.blade.php,/signs/wall-signs,wall-signs,Slide-R,top5pct-window-graphics-joliet.jpg,window-signs,R3,"Jun 7, 2026",No,Yes,none,9
window-signs,signs/window-signs.blade.php,/signs/window-signs,window-signs,Banner,top5pct-window-signs-rockdale.jpg,window-signs,R3,"Jun 20, 2026",No,No,none,8
window-signs,signs/window-signs.blade.php,/signs/window-signs,window-signs,Carousel 1 (base),top5pct-window-graphic-signs-joliet.jpg,window-signs,R3,"Jun 20, 2026",No,No,none,8
window-signs,signs/window-signs.blade.php,/signs/window-signs,window-signs,Carousel 2 (base),top5pct-custom-window-signs.jpg,window-signs,R1,"May 11, 2026",No,No,none,8
window-signs,signs/window-signs.blade.php,/signs/window-signs,window-signs,Carousel 3 (base),top5pct-window-door-signs.jpg,window-signs,R1,"May 11, 2026",No,No,none,8
window-signs,signs/window-signs.blade.php,/signs/window-signs,window-signs,Carousel 4 (base),top5pct-window-signs-joliet-slammers.jpg,window-signs,R1,"May 11, 2026",No,No,none,8
window-signs,signs/window-signs.blade.php,/signs/window-signs,window-signs,Carousel 5 (overage),top5pct-window-business-signs.jpg,window-signs,R3,"Jun 7, 2026",No,No,none,8
window-signs,signs/window-signs.blade.php,/signs/window-signs,window-signs,Carousel 6 (overage),top5pct-window-graphics-joliet.jpg,window-signs,R3,"Jun 7, 2026",No,No,none,8
window-signs,signs/window-signs.blade.php,/signs/window-signs,window-signs,Carousel 7 (overage),top5pct-window-sign-installers-joliet.jpg,window-signs,R3,"Jun 7, 2026",No,No,none,8
window-signs,signs/window-signs.blade.php,/signs/window-signs,window-signs,Carousel 8 (overage),top5pct-window-signs-cresthill.jpg,window-signs,R3,"Jun 7, 2026",No,No,none,8
window-signs,signs/window-signs.blade.php,/signs/window-signs,window-signs,Carousel 9 (overage),top5pct-window-signs.jpg,window-signs,R3,"Jun 7, 2026",No,No,none,8
window-signs,signs/window-signs.blade.php,/signs/window-signs,window-signs,Carousel 10 (overage),top5pct-window-vinyl-sign-installers.jpg,window-signs,R3,"Jun 7, 2026",No,No,none,8
window-signs,signs/window-signs.blade.php,/signs/window-signs,window-signs,Card 1,top5pct-window-signs-for-companies-joliet.jpg,window-signs,R3,"Jun 20, 2026",No,No,none,8
window-signs,signs/window-signs.blade.php,/signs/window-signs,window-signs,Card 2,top5pct-window-signs-plainfield.jpg,window-signs,R3,"Jun 20, 2026",No,No,none,8
window-signs,signs/window-signs.blade.php,/signs/window-signs,window-signs,Detailed-info 1,top5pct-window-signs-joliet-business-signage.jpg,window-signs,R3,"Jun 24, 2026",No,No,none,8
window-signs,signs/window-signs.blade.php,/signs/window-signs,window-signs,Slide-L,top5pct-window-signs-for-businesses-joliet.jpg,window-signs,R3,"Jun 8, 2026",No,No,none,8
window-signs,signs/window-signs.blade.php,/signs/window-signs,window-signs,Slide-R,top5pct-wall-signs-for-businesses.jpg,wall-signs,R3,"Jun 6, 2026",No,Yes,top5pct-wall-signs-for-businesses-r5.jpg [dup],8
yard-signs,signs/yard-signs.blade.php,/signs/yard-signs,yard-signs,Banner,top5pct-custom-yard-signs-joliet.jpg,yard-signs,R1,"May 11, 2026",No,No,none,6
yard-signs,signs/yard-signs.blade.php,/signs/yard-signs,yard-signs,Carousel 1 (base),top5pct-yard-signs-joliet.jpg,yard-signs,R1,"May 11, 2026",No,No,none,6
yard-signs,signs/yard-signs.blade.php,/signs/yard-signs,yard-signs,Carousel 2 (base),top5pct-yard-signs-plainfield.jpg,yard-signs,R3,"Jun 7, 2026",No,No,none,6
yard-signs,signs/yard-signs.blade.php,/signs/yard-signs,yard-signs,Carousel 3 (base),top5pct-yard-signs-rockdale.jpg,yard-signs,R3,"Jun 7, 2026",No,No,none,6
yard-signs,signs/yard-signs.blade.php,/signs/yard-signs,yard-signs,Carousel 4 (base),top5pct-yard-signs-shorewood.jpg,yard-signs,R3,"Jun 7, 2026",No,No,none,6
yard-signs,signs/yard-signs.blade.php,/signs/yard-signs,yard-signs,Card 1,top5pct-yard-signs.jpg,yard-signs,R1,"May 11, 2026",No,No,none,6
yard-signs,signs/yard-signs.blade.php,/signs/yard-signs,yard-signs,Card 2,top5pct-sidewalk-signs-joliet-illinois.jpg,sidewalk-signs,R1,"May 11, 2026",No,Yes,none,6
yard-signs,signs/yard-signs.blade.php,/signs/yard-signs,yard-signs,2-image 1,top5pct-lawn-signs.jpg,yard-signs,R1,"May 11, 2026",No,No,none,6
yard-signs,signs/yard-signs.blade.php,/signs/yard-signs,yard-signs,2-image 2,top5pct-yard-sign-joliet.jpg,yard-signs,R1,"May 11, 2026",No,No,none,6
yard-signs,signs/yard-signs.blade.php,/signs/yard-signs,yard-signs,Detailed-info 1,top5pct-article-yard-signs-buy.jpg,yard-signs,Initial,"Mar 16, 2026",No,No,none,6
yard-signs,signs/yard-signs.blade.php,/signs/yard-signs,yard-signs,Slide-L,top5pct-sidewalk-signs-plainfield.jpg,sidewalk-signs,R3,"Jun 8, 2026",No,Yes,top5pct-sidewalk-signs-plainfield-r5.jpg [dup],6
yard-signs,signs/yard-signs.blade.php,/signs/yard-signs,yard-signs,Slide-R,top5pct-retractable-banner.jpg,banners,R1,"May 11, 2026",No,Yes,none,6
custom-shaped-stickers,stickers/custom-shaped-stickers.blade.php,/stickers/custom-shaped-stickers,custom-shaped-stickers-decals,Banner,top5pct-die-cut-stickers-joliet-r5.jpg,custom-shaped-stickers-decals,R5,"May 25, 2026",Yes,No,"top5pct-die-cut-stickers-joliet.jpg [dup], top5pct-die-cut-stickers-joliet-r3.jpg [collision]",15
custom-shaped-stickers,stickers/custom-shaped-stickers.blade.php,/stickers/custom-shaped-stickers,custom-shaped-stickers-decals,Carousel 1 (base),top5pct-custom-stickers.jpg,custom-shaped-stickers-decals,R1,"May 11, 2026",No,No,none,15
custom-shaped-stickers,stickers/custom-shaped-stickers.blade.php,/stickers/custom-shaped-stickers,custom-shaped-stickers-decals,Carousel 2 (base),top5pct-custom-glossy-stickers-in-joliet-r5.jpg,custom-shaped-stickers-decals,R5,"Apr 26, 2026",Yes,No,top5pct-custom-glossy-stickers-in-joliet.jpg [dup],15
custom-shaped-stickers,stickers/custom-shaped-stickers.blade.php,/stickers/custom-shaped-stickers,custom-shaped-stickers-decals,Carousel 3 (base),top5pct-custom-label-stickers.jpg,custom-shaped-stickers-decals,R1,"May 11, 2026",No,No,none,15
custom-shaped-stickers,stickers/custom-shaped-stickers.blade.php,/stickers/custom-shaped-stickers,custom-shaped-stickers-decals,Carousel 4 (base),top5pct-custom-shaped-stickers.jpg,custom-shaped-stickers-decals,R1,"May 11, 2026",No,No,none,15
custom-shaped-stickers,stickers/custom-shaped-stickers.blade.php,/stickers/custom-shaped-stickers,custom-shaped-stickers-decals,Carousel 5 (overage),top5pct-custom-stickers-cresthill.jpg,custom-shaped-stickers-decals,R2,"Jun 2, 2026",No,No,none,15
custom-shaped-stickers,stickers/custom-shaped-stickers.blade.php,/stickers/custom-shaped-stickers,custom-shaped-stickers-decals,Carousel 6 (overage),top5pct-die-cut-stickers-joliet-r3.jpg,custom-shaped-stickers-decals,R3,"Jun 8, 2026",No,No,"top5pct-die-cut-stickers-joliet.jpg [collision], top5pct-die-cut-stickers-joliet-r5.jpg [collision]",15
custom-shaped-stickers,stickers/custom-shaped-stickers.blade.php,/stickers/custom-shaped-stickers,custom-shaped-stickers-decals,Carousel 7 (overage),top5pct-die-cut-stickers-naperville.jpg,custom-shaped-stickers-decals,R5,"Jul 3, 2026",Yes,No,none,15
custom-shaped-stickers,stickers/custom-shaped-stickers.blade.php,/stickers/custom-shaped-stickers,custom-shaped-stickers-decals,Carousel 8 (overage),top5pct-die-cut-stickers-aurora.jpg,custom-shaped-stickers-decals,R5,"Jul 3, 2026",Yes,No,none,15
custom-shaped-stickers,stickers/custom-shaped-stickers.blade.php,/stickers/custom-shaped-stickers,custom-shaped-stickers-decals,Card 1,top5pct-custom-shaped-stickers-crest-hill-r5.jpg,custom-shaped-stickers-decals,R5,"Jun 20, 2026",Yes,No,top5pct-custom-shaped-stickers-crest-hill.jpg [dup],15
custom-shaped-stickers,stickers/custom-shaped-stickers.blade.php,/stickers/custom-shaped-stickers,custom-shaped-stickers-decals,Card 2,top5pct-stickers-in-joliet.jpg,custom-shaped-stickers-decals,R1,"May 11, 2026",No,No,none,15
custom-shaped-stickers,stickers/custom-shaped-stickers.blade.php,/stickers/custom-shaped-stickers,custom-shaped-stickers-decals,Detailed-info 1,top5pct-custom-shaped-stickers-cresthill-r5.jpg,custom-shaped-stickers-decals,R5,"May 28, 2026",Yes,No,top5pct-custom-shaped-stickers-cresthill.jpg [dup],15
custom-shaped-stickers,stickers/custom-shaped-stickers.blade.php,/stickers/custom-shaped-stickers,custom-shaped-stickers-decals,Slide-L,top5pct-can-koozies.jpg,can-koozies,R1,"May 11, 2026",No,Yes,top5pct-can-koozies-r5.jpg [dup],15
custom-shaped-stickers,stickers/custom-shaped-stickers.blade.php,/stickers/custom-shaped-stickers,custom-shaped-stickers-decals,Slide-R,top5pct-die-cut-stickers-shorewood-r5.jpg,custom-shaped-stickers-decals,R5,"May 28, 2026",Yes,No,top5pct-die-cut-stickers-shorewood.jpg [dup],15
standard-stickers,stickers/standard-stickers.blade.php,/stickers/standard-stickers,custom-shaped-stickers-decals,Banner,top5pct-custom-stickers-cresthill.jpg,custom-shaped-stickers-decals,R2,"Jun 2, 2026",No,No,none,20
standard-stickers,stickers/standard-stickers.blade.php,/stickers/standard-stickers,custom-shaped-stickers-decals,Carousel 1 (base),top5pct-custom-stickers.jpg,custom-shaped-stickers-decals,R1,"May 11, 2026",No,No,none,20
standard-stickers,stickers/standard-stickers.blade.php,/stickers/standard-stickers,custom-shaped-stickers-decals,Carousel 2 (base),top5pct-stickers-in-joliet.jpg,custom-shaped-stickers-decals,R1,"May 11, 2026",No,No,none,20
standard-stickers,stickers/standard-stickers.blade.php,/stickers/standard-stickers,custom-shaped-stickers-decals,Carousel 3 (base),top5pct-die-cut-stickers-joliet-r3.jpg,custom-shaped-stickers-decals,R3,"Jun 8, 2026",No,No,"top5pct-die-cut-stickers-joliet.jpg [collision], top5pct-die-cut-stickers-joliet-r5.jpg [collision]",20
standard-stickers,stickers/standard-stickers.blade.php,/stickers/standard-stickers,custom-shaped-stickers-decals,Carousel 4 (base),top5pct-custom-glossy-stickers-in-joliet.jpg,custom-shaped-stickers-decals,R1,"May 11, 2026",No,No,top5pct-custom-glossy-stickers-in-joliet-r5.jpg [dup],20
standard-stickers,stickers/standard-stickers.blade.php,/stickers/standard-stickers,custom-shaped-stickers-decals,Card 1,top5pct-custom-label-stickers.jpg,custom-shaped-stickers-decals,R1,"May 11, 2026",No,No,none,20
standard-stickers,stickers/standard-stickers.blade.php,/stickers/standard-stickers,custom-shaped-stickers-decals,Card 2,top5pct-custom-shaped-stickers.jpg,custom-shaped-stickers-decals,R1,"May 11, 2026",No,No,none,20
standard-stickers,stickers/standard-stickers.blade.php,/stickers/standard-stickers,custom-shaped-stickers-decals,2-image 1,top5pct-diecut-stickers-r5.jpg,standard-stickers-decals,R5,"May 3, 2026",Yes,Yes,top5pct-diecut-stickers.jpg [dup],20
standard-stickers,stickers/standard-stickers.blade.php,/stickers/standard-stickers,custom-shaped-stickers-decals,2-image 2,top5pct-stickers-morris-r5.jpg,standard-stickers-decals,R5,"Jun 21, 2026",Yes,Yes,top5pct-stickers-morris.jpg [dup],20
standard-stickers,stickers/standard-stickers.blade.php,/stickers/standard-stickers,custom-shaped-stickers-decals,Detailed-info 1,top5pct-article-buy-stickers-decals-joliet.jpg,standard-stickers-decals,R3,"Jun 8, 2026",No,Yes,none,20
standard-stickers,stickers/standard-stickers.blade.php,/stickers/standard-stickers,custom-shaped-stickers-decals,Slide-L,top5pct-stickers-plainfield-r5.jpg,standard-stickers-decals,R5,"Jun 21, 2026",Yes,Yes,top5pct-stickers-plainfield.jpg [dup],20
standard-stickers,stickers/standard-stickers.blade.php,/stickers/standard-stickers,custom-shaped-stickers-decals,Slide-R,top5pct-die-cut-stickers-shorewood.jpg,custom-shaped-stickers-decals,R2,"Jun 2, 2026",No,No,top5pct-die-cut-stickers-shorewood-r5.jpg [dup],20
automobile-graphics,vehicle-graphics/automobile-graphics.blade.php,/vehicle-graphics/automobile-graphics,automobile-graphics,Banner,top5pct-auto-window-wraps.jpg,automobile-graphics,R2,"Jun 2, 2026",No,No,none,7
automobile-graphics,vehicle-graphics/automobile-graphics.blade.php,/vehicle-graphics/automobile-graphics,automobile-graphics,Carousel 1 (base),top5pct-car-wraps.jpg,automobile-graphics,R1,"May 11, 2026",No,No,none,7
automobile-graphics,vehicle-graphics/automobile-graphics.blade.php,/vehicle-graphics/automobile-graphics,automobile-graphics,Carousel 2 (base),top5pct-pickup-truck-graphics.jpg,automobile-graphics,R1,"May 11, 2026",No,No,none,7
automobile-graphics,vehicle-graphics/automobile-graphics.blade.php,/vehicle-graphics/automobile-graphics,automobile-graphics,Carousel 3 (base),top5pct-trailer-decal-graphics.jpg,automobile-graphics,R1,"May 11, 2026",No,No,none,7
automobile-graphics,vehicle-graphics/automobile-graphics.blade.php,/vehicle-graphics/automobile-graphics,automobile-graphics,Carousel 4 (base),top5pct-trailer-decals.jpg,automobile-graphics,R1,"May 11, 2026",No,No,none,7
automobile-graphics,vehicle-graphics/automobile-graphics.blade.php,/vehicle-graphics/automobile-graphics,automobile-graphics,Carousel 5 (overage),top5pct-car-graphics-installers-joliet.jpg,automobile-graphics,R3,"Jun 6, 2026",No,No,none,7
automobile-graphics,vehicle-graphics/automobile-graphics.blade.php,/vehicle-graphics/automobile-graphics,automobile-graphics,Carousel 6 (overage),top5pct-decals-for-work-trucks.jpg,automobile-graphics,R3,"Jun 6, 2026",No,No,none,7
automobile-graphics,vehicle-graphics/automobile-graphics.blade.php,/vehicle-graphics/automobile-graphics,automobile-graphics,Carousel 7 (overage),top5pct-car-wrap-decals-joliet.jpg,automobile-graphics,R3,"Jun 9, 2026",No,No,none,7
automobile-graphics,vehicle-graphics/automobile-graphics.blade.php,/vehicle-graphics/automobile-graphics,automobile-graphics,Carousel 8 (overage),top5pct-vehicle-graphics-near-me.jpg,automobile-graphics,R3,"Jun 6, 2026",No,No,none,7
automobile-graphics,vehicle-graphics/automobile-graphics.blade.php,/vehicle-graphics/automobile-graphics,automobile-graphics,Carousel 9 (overage),top5pct-vehicle-signs-joliet.jpg,automobile-graphics,R3,"Jun 6, 2026",No,No,none,7
automobile-graphics,vehicle-graphics/automobile-graphics.blade.php,/vehicle-graphics/automobile-graphics,automobile-graphics,Card 1,top5pct-van-graphics-decals.jpg,automobile-graphics,R1,"May 11, 2026",No,No,none,7
automobile-graphics,vehicle-graphics/automobile-graphics.blade.php,/vehicle-graphics/automobile-graphics,automobile-graphics,Card 2,top5pct-vecal-decals.jpg,automobile-graphics,R1,"May 11, 2026",No,No,none,7
automobile-graphics,vehicle-graphics/automobile-graphics.blade.php,/vehicle-graphics/automobile-graphics,automobile-graphics,2-image 1,top5pct-vehicle-graphics.jpg,automobile-graphics,R1,"May 11, 2026",No,No,none,7
automobile-graphics,vehicle-graphics/automobile-graphics.blade.php,/vehicle-graphics/automobile-graphics,automobile-graphics,2-image 2,top5pct-vehicle-window-graphics-in-joliet.jpg,automobile-graphics,R1,"May 11, 2026",No,No,none,7
automobile-graphics,vehicle-graphics/automobile-graphics.blade.php,/vehicle-graphics/automobile-graphics,automobile-graphics,Card 3,top5pct-vehicle-window-graphics-joliet.jpg,automobile-graphics,R1,"May 11, 2026",No,No,top5pct-vehicle-window-graphics-joliet-r4.jpg [collision],7
automobile-graphics,vehicle-graphics/automobile-graphics.blade.php,/vehicle-graphics/automobile-graphics,automobile-graphics,Detailed-info 1,top5pct-vehicle-decals-custom-helmets-joliet.jpg,automobile-graphics,R3,"Jun 20, 2026",No,No,none,7
automobile-graphics,vehicle-graphics/automobile-graphics.blade.php,/vehicle-graphics/automobile-graphics,automobile-graphics,Slide-L,top5pct-vehicle-window-graphics-joliet-r4.jpg,automobile-graphics,R4,"Jun 19, 2026",No,No,top5pct-vehicle-window-graphics-joliet.jpg [collision],7
automobile-graphics,vehicle-graphics/automobile-graphics.blade.php,/vehicle-graphics/automobile-graphics,automobile-graphics,Slide-R,top5pct-truck-sign-magnets-joliet.jpg,vehicle-magnets,R2,"Jun 2, 2026",No,Yes,none,7
dot-decals,vehicle-graphics/dot-decals.blade.php,/vehicle-graphics/dot-decals,dot-decals,Banner,top5pct-truck-lettering-joliet-shorewood-rockdale.jpg,dot-decals,Initial,"Mar 17, 2026",No,No,none,4
dot-decals,vehicle-graphics/dot-decals.blade.php,/vehicle-graphics/dot-decals,dot-decals,Carousel 1 (base),top5pct-dot-decals-joliet.jpg,dot-decals,R1,"May 11, 2026",No,No,none,4
dot-decals,vehicle-graphics/dot-decals.blade.php,/vehicle-graphics/dot-decals,dot-decals,Carousel 2 (base),top5pct-dot-semi-truck-decals.jpg,dot-decals,R1,"May 11, 2026",No,No,none,4
dot-decals,vehicle-graphics/dot-decals.blade.php,/vehicle-graphics/dot-decals,dot-decals,Carousel 3 (base),top5pct-dot-truck-decals-joliet.jpg,dot-decals,R1,"May 11, 2026",No,No,none,4
dot-decals,vehicle-graphics/dot-decals.blade.php,/vehicle-graphics/dot-decals,dot-decals,Carousel 4 (base),top5pct-custom-dot-decals-for-trucks-in-joliet.jpg,dot-decals,R2,"Jun 2, 2026",No,No,none,4
dot-decals,vehicle-graphics/dot-decals.blade.php,/vehicle-graphics/dot-decals,dot-decals,Carousel 5 (overage),top5pct-DOT-truck-decals-rockdale.jpg,dot-decals,R3,"Jun 7, 2026",No,No,none,4
dot-decals,vehicle-graphics/dot-decals.blade.php,/vehicle-graphics/dot-decals,dot-decals,Card 1,top5pct-custom-dot-truck-signs-illinois.jpg,dot-decals,R2,"Jun 2, 2026",No,No,none,4
dot-decals,vehicle-graphics/dot-decals.blade.php,/vehicle-graphics/dot-decals,dot-decals,Card 2,top5pct-dot-decals-semi-truck.jpg,dot-decals,R2,"Jun 2, 2026",No,No,none,4
dot-decals,vehicle-graphics/dot-decals.blade.php,/vehicle-graphics/dot-decals,dot-decals,2-image 1,top5pct-dot-lettering-joliet.jpg,dot-decals,R2,"Jun 2, 2026",No,No,none,4
dot-decals,vehicle-graphics/dot-decals.blade.php,/vehicle-graphics/dot-decals,dot-decals,2-image 2,top5pct-dot-magnets.jpg,dot-decals,R2,"Jun 2, 2026",No,No,none,4
dot-decals,vehicle-graphics/dot-decals.blade.php,/vehicle-graphics/dot-decals,dot-decals,Card 3,top5pct-trucking-dot-decals-in-joliet.jpg,dot-decals,R2,"Jun 2, 2026",No,No,none,4
dot-decals,vehicle-graphics/dot-decals.blade.php,/vehicle-graphics/dot-decals,dot-decals,Detailed-info 1,top5pct-article-DOT-decals-vinyl-lettering.jpg,dot-decals,Initial,"Mar 17, 2026",No,No,none,4
dot-decals,vehicle-graphics/dot-decals.blade.php,/vehicle-graphics/dot-decals,dot-decals,Slide-L,top5pct-DOT-stickers-joliet-shorewood-rockdale.jpg,dot-decals,Initial,"Mar 17, 2026",No,No,none,4
dot-decals,vehicle-graphics/dot-decals.blade.php,/vehicle-graphics/dot-decals,dot-decals,Slide-R,top5pct-truck-sign-magnets-joliet.jpg,vehicle-magnets,R2,"Jun 2, 2026",No,Yes,none,4
vehicle-magnets,vehicle-graphics/vehicle-magnets.blade.php,/vehicle-graphics/vehicle-magnets,vehicle-magnets,Banner,top5pct-magnet-vehicle-signs-joliet.jpg,vehicle-magnets,R2,"Jun 2, 2026",No,No,none,8
vehicle-magnets,vehicle-graphics/vehicle-magnets.blade.php,/vehicle-graphics/vehicle-magnets,vehicle-magnets,Carousel 1 (base),top5pct-automobile-magnets-joliet.jpg,vehicle-magnets,R1,"May 11, 2026",No,No,none,8
vehicle-magnets,vehicle-graphics/vehicle-magnets.blade.php,/vehicle-graphics/vehicle-magnets,vehicle-magnets,Carousel 2 (base),top5pct-car-magnets-joliet.jpg,vehicle-magnets,R1,"May 11, 2026",No,No,none,8
vehicle-magnets,vehicle-graphics/vehicle-magnets.blade.php,/vehicle-graphics/vehicle-magnets,vehicle-magnets,Carousel 3 (base),top5pct-car-magnets.jpg,vehicle-magnets,R1,"May 11, 2026",No,No,none,8
vehicle-magnets,vehicle-graphics/vehicle-magnets.blade.php,/vehicle-graphics/vehicle-magnets,vehicle-magnets,Carousel 4 (base),top5pct-car-sign-magnets-joliet.jpg,vehicle-magnets,R1,"May 11, 2026",No,No,none,8
vehicle-magnets,vehicle-graphics/vehicle-magnets.blade.php,/vehicle-graphics/vehicle-magnets,vehicle-magnets,Card 1,top5pct-custom-car-magnets-in-joliet.jpg,vehicle-magnets,R1,"May 11, 2026",No,No,none,8
vehicle-magnets,vehicle-graphics/vehicle-magnets.blade.php,/vehicle-graphics/vehicle-magnets,vehicle-magnets,Card 2,top5pct-custom-car-magnets.jpg,vehicle-magnets,R1,"May 11, 2026",No,No,none,8
vehicle-magnets,vehicle-graphics/vehicle-magnets.blade.php,/vehicle-graphics/vehicle-magnets,vehicle-magnets,2-image 1,top5pct-vehicle-magnets-joliet.jpg,vehicle-magnets,R1,"May 11, 2026",No,No,none,8
vehicle-magnets,vehicle-graphics/vehicle-magnets.blade.php,/vehicle-graphics/vehicle-magnets,vehicle-magnets,2-image 2,top5pct-vehicle-magnets.jpg,vehicle-magnets,R1,"May 11, 2026",No,No,none,8
vehicle-magnets,vehicle-graphics/vehicle-magnets.blade.php,/vehicle-graphics/vehicle-magnets,vehicle-magnets,Detailed-info 1,top5pct-car-decals-white-oaks-library.jpg,vehicle-magnets,R2,"Jun 2, 2026",No,No,none,8
vehicle-magnets,vehicle-graphics/vehicle-magnets.blade.php,/vehicle-graphics/vehicle-magnets,vehicle-magnets,Slide-L,top5pct-yard-signs-shorewood.jpg,yard-signs,R3,"Jun 7, 2026",No,Yes,none,8
vehicle-magnets,vehicle-graphics/vehicle-magnets.blade.php,/vehicle-graphics/vehicle-magnets,vehicle-magnets,Slide-R,top5pct-vehicle-graphics.jpg,automobile-graphics,R1,"May 11, 2026",No,Yes,none,8
